都道府県名,地方公共団体名,施設名称,年間処理量,施設の改廃,産業廃棄物の搬入の有無
北海道,札幌市,札幌市駒岡清掃工場,117694,,有り
北海道,札幌市,札幌市白石清掃工場,189448,,有り
北海道,札幌市,札幌市発寒清掃工場,128478,,有り
北海道,札幌市,（仮称）札幌市新駒岡清掃工場,0,新設（建設中）,有り
北海道,函館市,函館市日乃出清掃工場(3号炉),50514,,有り
北海道,函館市,函館市日乃出清掃工場(1、2号炉),31625,,有り
北海道,函館市,函館市恵山クリーンセンター焼却施設,0,休止,無し
北海道,旭川市,旭川市近文清掃工場,74033,,無し
北海道,北見市,北見市廃棄物処理場ごみ処理施設,30727,,無し
北海道,岩見沢市,岩見沢じん芥処理センター(焼却施設),0,休止,無し
北海道,岩見沢市,いわみざわ環境クリーンプラザ　焼却施設,25465,,無し
北海道,苫小牧市,苫小牧市沼ノ端クリーンセンター,49437.85,,無し
北海道,江別市,江別市環境クリーンセンター,32481,,無し
北海道,根室市,根室市じん芥焼却場,11571,,有り
北海道,千歳市,千歳市焼却処理場,26510,,有り
北海道,登別市,クリンクルセンター,17309,,有り
北海道,恵庭市,恵庭市ごみ焼却場,0,休止,無し
北海道,恵庭市,恵庭市焼却施設,12745,,有り
北海道,石狩市,石狩市北石狩衛生センターごみ処理施設,18361,,無し
北海道,奥尻町,奥尻町環境センター焼却処理場,914,,有り
北海道,上富良野町,上富良野町クリーンセンター,2686,,無し
北海道,幌加内町,幌加内町一般廃棄物焼却施設,206,,無し
北海道,枝幸町,枝幸町水産廃棄物等処理施設,0,休止,無し
北海道,礼文町,礼文町衛生センターごみ焼却施設,857.36,,有り
北海道,津別町,津別町クリーンセンター,0,休止,無し
北海道,清里町,清掃センター,739,,無し
北海道,訓子府町,訓子府町一般廃棄物焼却施設,0,,無し
北海道,興部町,興部町一般廃棄物焼却炉,0,休止,無し
北海道,雄武町,雄武町廃棄物焼却処理場,0,休止,無し
北海道,大空町,大空町一般廃棄物焼却処理施設,852,,無し
北海道,浦河町,浦河町クリーンプラザ,2864,,無し
北海道,様似町,様似町クリーンセンター　焼却施設,975,,無し
北海道,えりも町,えりも町清掃センター,1043,,無し
北海道,新得町,新得町一般廃棄物中間処理施設,0,廃止,無し
北海道,標茶町,標茶町クリーンセンター,1933,,有り
北海道,弟子屈町,弟子屈町廃棄物処理施設,0,休止,無し
北海道,白糠町,白糠町クリーンセンター,0,,無し
北海道,白糠町,白糠町廃棄物簡易焼却炉,0,,無し
北海道,根室北部廃棄物処理広域連合,根室北部広域ごみ処理施設,11786,,無し
北海道,名寄地区衛生施設事務組合,炭化センター,3903,,無し
北海道,北しりべし廃棄物処理広域連合,北しりべし広域クリーンセンター,35358,,無し
北海道,岩内地方衛生組合,岩内地方清掃センター,5811,,無し
北海道,北部桧山衛生センター組合,北部桧山衛生センター組合焼却処理施設,3785,,有り
北海道,南渡島衛生施設組合,南渡島衛生センター,186,,無し
北海道,南十勝複合事務組合,南十勝環境衛生センター,3581,,無し
北海道,十勝圏複合事務組合,くりりんセンター,74499,,有り
北海道,南部桧山衛生処理組合,南部桧山清掃センター,4893,,無し
北海道,中・北空知廃棄物処理広域連合,中・北空知エネクリーン,23416,,無し
北海道,南宗谷衛生施設組合,南宗谷廃棄物処理施設,4220,,無し
北海道,日高中部衛生施設組合,日高中部環境センター,9616,,無し
北海道,遠軽地区広域組合,遠軽地区広域組合えんがるクリーンセンター,8514,,無し
北海道,愛別町外3町塵芥処理組合,愛別町外3町塵芥処理組合富沢衛生センター,7045,,有り
北海道,西いぶり広域連合,西胆振地域廃棄物広域処理施設,37101,,無し
北海道,利尻郡清掃施設組合,利尻郡ごみ焼却処理場,1386,,有り
北海道,南部後志衛生施設組合,南後志清掃センター,1866,,無し
北海道,大雪清掃組合,しらかば清掃センター,7746,,無し
北海道,平取町外2町衛生施設組合,平取町外2町衛生施設組合清掃センター第1工場(焼却),5655,,無し
北海道,渡島廃棄物処理広域連合,クリーンおしま,29861,,無し
北海道,留萌南部衛生組合,留萌南部衛生組合有害鳥獣焼却処理施設,44,,無し
北海道,北十勝2町環境衛生処理組合,北十勝2町環境衛生処理組合ごみ処理施設,1901,,無し
北海道,釧路広域連合,釧路広域連合清掃工場,62700,,無し
北海道,西紋別地区環境衛生施設組合,西紋別地区広域ごみ処理センター,7379,,無し
青森県,青森市,青森市清掃工場,91452,,有り
青森県,三沢市,三沢市清掃センター,13841,,無し
青森県,平内町,平内町廃棄物処理施設,0,休止,無し
青森県,外ヶ浜町,外ヶ浜町ごみ処理施設,2049.58,,無し
青森県,中部上北広域事業組合,中部上北清掃センター,10196,,無し
青森県,弘前地区環境整備事務組合,弘前地区環境整備センター,42439,,無し
青森県,弘前地区環境整備事務組合,南部清掃工場,26548,,無し
青森県,黒石地区清掃施設組合,環境管理センターごみ処理施設,20124,,無し
青森県,西北五環境整備事務組合,西部クリーンセンター,28128,,無し
青森県,三戸地区環境整備事務組合,三戸地区クリーンセンター,8073,,無し
青森県,西海岸衛生処理組合,エコクリーンアフイ,5612,,無し
青森県,八戸地域広域市町村圏事務組合,八戸清掃工場第一工場,49585,,無し
青森県,八戸地域広域市町村圏事務組合,八戸清掃工場第二工場,21377,,無し
青森県,下北地域広域行政事務組合,アックス・グリーン,26102,,無し
青森県,下北地域広域行政事務組合,(仮称)下北地域新ごみ処理施設,0,新設（建設中）,無し
青森県,十和田地域広域事務組合,十和田地域広域事務組合十和田ごみ焼却施設,33551,,無し
青森県,北部上北広域事務組合,クリーン・ペア・はまなす,9195,,無し
岩手県,盛岡市,盛岡市クリーンセンター,66580,,無し
岩手県,花巻市,花巻市清掃センター焼却施設,0,休止,無し
岩手県,北上市,北上市清掃事業所1号棟,0,休止,無し
岩手県,遠野市,遠野市清養園クリーンセンターごみ焼却施設,0,休止,無し
岩手県,八幡平市,八幡平市清掃センター,8245,,無し
岩手県,葛巻町,葛巻町清掃センター,1058,,無し
岩手県,二戸地区広域行政事務組合,軽米地区クリーンセンター,0,休止,無し
岩手県,二戸地区広域行政事務組合,二戸地区クリーンセンター,12966,,無し
岩手県,岩手・玉山環境組合,ごみ焼却施設,6303,,無し
岩手県,久慈広域連合,久慈地区ごみ焼却場,16081,,無し
岩手県,盛岡・紫波地区環境施設組合,ごみ焼却施設,31147,,無し
岩手県,一関地区広域行政組合,一関清掃センターごみ焼却施設,22105,,無し
岩手県,一関地区広域行政組合,大東清掃センターごみ焼却施設,10042,,無し
岩手県,宮古地区広域行政組合,宮古清掃センター,28178,,有り
岩手県,奥州金ケ崎行政事務組合,胆江地区衛生センター,35976,,無し
岩手県,岩手中部広域行政組合,岩手中部クリーンセンター,55341,,無し
岩手県,岩手沿岸南部広域環境組合,岩手沿岸南部クリーンセンター,27967,,無し
岩手県,滝沢・雫石環境組合,滝沢清掃センター,23273,,有り
岩手県,滝沢・雫石環境組合,雫石清掃センター,0,休止,無し
宮城県,仙台市,葛岡工場,108841,,無し
宮城県,仙台市,今泉工場,82497,,無し
宮城県,仙台市,松森工場,133019.02,,無し
宮城県,塩竈市,塩竈市清掃工場,20189,,無し
宮城県,気仙沼市,気仙沼市ごみ焼却場,17237,,無し
宮城県,登米市,登米市環境事業所クリーンセンター（新）,19600,,無し
宮城県,栗原市,栗原市クリーンセンター可燃ごみ処理施設,16681,,無し
宮城県,黒川地域行政事務組合,環境管理センター,14078,,無し
宮城県,亘理名取共立衛生処理組合,亘理清掃センター,0,休止,無し
宮城県,亘理名取共立衛生処理組合,岩沼東部環境センター,46721,,無し
宮城県,宮城東部衛生処理組合,宮城東部衛生処理センターごみ焼却施設,39496,,無し
宮城県,石巻地区広域行政事務組合,石巻広域クリーンセンター,57734,,有り
宮城県,仙南地域広域行政事務組合,仙南地域広域行政事務組合仙南クリーンセンター,46694,,無し
宮城県,大崎地域広域行政事務組合,大崎広域東部クリーンセンター,23491,,無し
宮城県,大崎地域広域行政事務組合,大崎広域西部加美クリーンセンター,0,休止,無し
宮城県,大崎地域広域行政事務組合,大崎広域西部玉造クリーンセンター,5692.81,,無し
宮城県,大崎地域広域行政事務組合,大崎広域中央クリーンセンター,32043.13,,無し
秋田県,秋田県,秋田県県北地区広域汚泥資源化施設,6940,,有り
秋田県,秋田市,秋田市総合環境センター溶融施設,98176.84,,無し
秋田県,横手市,クリーンプラザよこて,24642,,無し
秋田県,大館市,大館クリーンセンター,13785,,無し
秋田県,由利本荘市,本荘清掃センター焼却施設,22923,,無し
秋田県,潟上市,潟上市クリーンセンター,9953,,無し
秋田県,北秋田市,北秋田市クリーンリサイクルセンター,10945,,無し
秋田県,にかほ市,にかほ市環境プラザ,7132,,無し
秋田県,湯沢雄勝広域市町村圏組合,湯沢雄勝クリーンセンター,19685.44,,無し
秋田県,能代山本広域市町村圏組合,能代山本広域市町村圏組合南部清掃工場,23109,,無し
秋田県,大曲仙北広域市町村圏組合,大曲仙北広域中央ごみ処理センター,34335,,無し
秋田県,大曲仙北広域市町村圏組合,大曲仙北広域北部ごみ処理センター,7792,,無し
秋田県,鹿角広域行政組合,鹿角ごみ処理場　焼却場,11819,,無し
秋田県,八郎湖周辺清掃事務組合,八郎湖周辺クリーンセンター熱回収施設,12964,,無し
山形県,鶴岡市,鶴岡市ごみ焼却施設,38774,,無し
山形県,東根市外二市一町共立衛生処理組合,東根市外二市一町共立衛生処理組合ごみ焼却処理施設,40244,,無し
山形県,山形広域環境事務組合,エネルギー回収施設(立谷川),42981,,無し
山形県,山形広域環境事務組合,エネルギー回収施設（川口）,38788,,無し
山形県,最上広域市町村圏事務組合,最上広域市町村圏事務組合エコプラザもがみ,18590,,無し
山形県,置賜広域行政事務組合,置賜広域行政事務組合千代田クリーンセンターごみ焼却施設,53282,,無し
山形県,西村山広域行政事務組合,西村山広域行政事務組合寒河江地区クリーンセンターごみ焼却処理施設,16715,,無し
山形県,酒田地区広域行政組合,酒田地区広域行政組合ごみ焼却施設,43914,,無し
山形県,尾花沢市大石田町環境衛生事業組合,尾花沢市大石田町環境衛生事業組合ごみ処理施設,5543,,無し
福島県,福島市,あらかわクリーンセンター,60587,,無し
福島県,福島市,あぶくまクリーンセンター,34409,,無し
福島県,郡山市,郡山市富久山クリーンセンター,74129.57,,有り
福島県,郡山市,郡山市河内クリーンセンター,61939,,有り
福島県,いわき市,南部清掃センター,79393.39,,無し
福島県,いわき市,北部清掃センター,27341,,無し
福島県,南相馬市,クリーン原町センター,21680,,無し
福島県,伊達地方衛生処理組合,伊達地方衛生処理組合清掃センターごみ焼却施設,36603,,無し
福島県,須賀川地方保健環境組合,須賀川地方衛生センターごみ処理施設,28318,,無し
福島県,会津若松地方広域市町村圏整備組合,環境センターごみ焼却処理施設,60923,,有り
福島県,東白衛生組合,東白衛生組合東白クリーンセンターごみ処理施設,9127,,無し
福島県,石川地方生活環境施設組合,石川地方ごみ焼却場,9678,,無し
福島県,田村広域行政組合,田村西部環境センター,11923,,無し
福島県,田村広域行政組合,田村東部環境センター,5205,,無し
福島県,田村広域行政組合,田村西部環境センター,0,休止,無し
福島県,相馬方部衛生組合,光陽クリーンセンター,12567,,無し
福島県,白河地方広域市町村圏整備組合,西白河地方クリーンセンター,36044,,無し
福島県,喜多方地方広域市町村圏組合,環境センター山都工場,15983,,無し
福島県,安達地方広域行政組合,もとみやクリーンセンター(焼却),24039,,無し
福島県,双葉地方広域市町村圏組合,双葉地方広域市町村圏組合北部衛生センター,6631,,無し
福島県,双葉地方広域市町村圏組合,双葉地方広域市町村圏組合南部衛生センター,0,廃止,無し
福島県,南会津地方環境衛生組合,東部クリーンセンター,4957,,無し
福島県,南会津地方環境衛生組合,西部クリーンセンター,2865,,無し
茨城県,水戸市,水戸市清掃工場（ごみ焼却施設）,89888,,無し
茨城県,日立市,日立市清掃センター,54592,,無し
茨城県,土浦市,土浦市清掃センター,38253,,無し
茨城県,古河市,古河クリーンセンター,14658,,無し
茨城県,常陸太田市,清掃センター,16357,,無し
茨城県,北茨城市,清掃センター,12889,,無し
茨城県,笠間市,笠間市環境センター,16227,,無し
茨城県,牛久市,牛久クリーンセンター,29829,,無し
茨城県,つくば市,焼却施設,74953,,無し
茨城県,潮来市,潮来クリーンセンター,7904,,無し
茨城県,行方市,行方市環境美化センターごみ焼却施設,9033,,無し
茨城県,鉾田市,鉾田クリーンセンター,8044,,無し
茨城県,城里町,城里町環境センター,0,廃止,無し
茨城県,城里町,城里町環境センター,5038,,無し
茨城県,大子町,大子町環境センター,4799,,無し
茨城県,阿見町,阿見町霞クリーンセンター,15417,,無し
茨城県,大宮地方環境整備組合,大宮地方環境整備組合(環境センター・ごみ焼却施設),27169,,無し
茨城県,龍ケ崎地方塵芥処理組合,くりーんプラザ・龍,29702,,無し
茨城県,さしま環境管理事務組合,さしまクリーンセンター寺久熱回収施設,48866,,無し
茨城県,大洗、鉾田、水戸環境組合,大洗、鉾田、水戸環境組合クリーンセンター,10606,,無し
茨城県,江戸崎地方衛生土木組合,江戸崎地方衛生土木組合環境センター,20188,,無し
茨城県,筑西広域市町村圏事務組合,筑西広域市町村圏事務組合環境センター,61049,,無し
茨城県,常総地方広域市町村圏事務組合,常総環境センターごみ焼却施設,67600,,無し
茨城県,霞台厚生施設組合,霞台厚生施設組合環境センター,,廃止,
茨城県,霞台厚生施設組合,霞台厚生施設組合クリーンセンター,54809.41,新設（新規稼働）,無し
茨城県,下妻地方広域事務組合,ごみ処理施設「クリーンポート・きぬ」,24265.46,,無し
茨城県,ひたちなか・東海広域事務組合,ひたちなか・東海クリーンセンター,58244,,無し
栃木県,宇都宮市,クリーンパーク茂原焼却ごみ処理施設,93218.44,,無し
栃木県,宇都宮市,宇都宮市南清掃センター,0,廃止,無し
栃木県,宇都宮市,宇都宮市クリーンセンター　下田原,51596,,無し
栃木県,足利市,足利市南部クリーンセンター,47928,,有り
栃木県,栃木市,とちぎクリーンプラザ,45455,,無し
栃木県,佐野市,葛生清掃センター,9228,,無し
栃木県,佐野市,佐野市みかもクリーンセンター,24482,,無し
栃木県,鹿沼市,環境クリーンセンター(ごみ処理施設),26353,,有り
栃木県,日光市,日光市クリーンセンター,27219,,無し
栃木県,那須塩原市,那須塩原クリーンセンター,34871,,無し
栃木県,壬生町,壬生町清掃センター焼却施設,8894,,無し
栃木県,那須地区広域行政事務組合,広域クリーンセンター大田原,22814,,無し
栃木県,芳賀地区広域行政事務組合,芳賀地区エコステーション,33580,,有り
栃木県,南那須地区広域行政事務組合,保健衛生センター,10077,,無し
栃木県,塩谷広域行政組合,エコパークしおや,27078.32,,無し
栃木県,小山広域保健衛生組合,小山広域保健衛生組合中央清掃センター160t焼却施設,34878,,無し
栃木県,小山広域保健衛生組合,小山広域保健衛生組合中央清掃センター70t焼却施設,19528.29,,無し
群馬県,前橋市,前橋市亀泉清掃工場,0,休止,無し
群馬県,前橋市,前橋市六供清掃工場,89239,,無し
群馬県,前橋市,前橋市大胡クリーンセンター,0,休止,無し
群馬県,高崎市,高浜クリーンセンター,98558,,無し
群馬県,高崎市,吉井クリーンセンター,6514,,無し
群馬県,桐生市,桐生市清掃センターごみ焼却施設,62849,,無し
群馬県,伊勢崎市,伊勢崎市清掃リサイクルセンター21,58712,,無し
群馬県,太田市,太田市清掃センター第4号焼却炉,0,休止,無し
群馬県,太田市,太田市清掃センター第3号焼却炉,0,休止,無し
群馬県,藤岡市,藤岡市清掃センター,22631,,無し
群馬県,富岡市,富岡市清掃センター,17518,,無し
群馬県,安中市,碓氷川クリーンセンターごみ処理施設,17736,,無し
群馬県,草津町,草津町クリーンセンター,3415,,無し
群馬県,みなかみ町,奥利根アメニティパーク固形燃料利用施設,0,休止,無し
群馬県,玉村町,玉村町クリーンセンター,10984,,無し
群馬県,甘楽西部環境衛生施設組合,甘楽西部環境衛生施設組合清掃センター,2023,,無し
群馬県,館林衛生施設組合,たてばやしクリーンセンター,27348,,無し
群馬県,吾妻東部衛生施設組合,吾妻東部衛生センターごみ処理施設,9874,,無し
群馬県,西吾妻環境衛生施設組合,西吾妻環境衛生センタ-,5436,,無し
群馬県,渋川地区広域市町村圏振興整備組合,渋川地区広域圏清掃センター,38461,,無し
群馬県,沼田市外二箇村清掃施設組合,清掃工場,15834,,無し
群馬県,大泉町外二町環境衛生施設組合,大泉町外二町清掃センター,0,廃止,無し
群馬県,利根東部衛生施設組合,尾瀬クリーンセンター,3289,,無し
群馬県,太田市外三町広域清掃組合,太田市外三町広域清掃組合クリーンプラザ,90251,新設（新規稼働）,無し
埼玉県,さいたま市,さいたま市クリーンセンター大崎第二工場,116544,,無し
埼玉県,さいたま市,さいたま市東部環境センター,61627,,無し
埼玉県,さいたま市,さいたま市西部環境センター,76761,,無し
埼玉県,さいたま市,さいたま市桜環境センター,113286,,無し
埼玉県,川越市,川越市東清掃センター焼却施設,22044.91,,無し
埼玉県,川越市,川越市資源化センター熱回収施設,66350.42,,無し
埼玉県,川口市,川口市戸塚環境センター西棟(4号炉),30099,,有り
埼玉県,川口市,川口市戸塚環境センター西棟(3号炉),28960,,有り
埼玉県,川口市,川口市朝日環境センター,91426,,有り
埼玉県,所沢市,所沢市西部クリーンセンターごみ焼却施設,27066,,有り
埼玉県,所沢市,所沢市東部クリーンセンターごみ焼却施設,51503,,有り
埼玉県,飯能市,飯能市クリーンセンター,18199,,有り
埼玉県,加須市,加須クリーンセンターごみ焼却施設,22184,,無し
埼玉県,加須市,大利根クリーンセンターごみ焼却施設,5068,,無し
埼玉県,東松山市,東松山市クリーンセンター,24488,,無し
埼玉県,春日部市,豊野環境衛生センター,64367.27,,無し
埼玉県,狭山市,狭山市稲荷山環境センター(旧名称：　狭山市第二環境センター),33514,,無し
埼玉県,羽生市,羽生市清掃センター,13750,,無し
埼玉県,上尾市,上尾市西貝塚環境センター,52177.65,,無し
埼玉県,入間市,入間市総合クリーンセンター,35136,,無し
埼玉県,入間市,入間市清掃事業所,0,休止,無し
埼玉県,朝霞市,朝霞市クリーンセンター,28064.99,,無し
埼玉県,朝霞市,朝霞市クリーンセンター,0,休止,無し
埼玉県,和光市,和光市清掃センター,19597.59,,無し
埼玉県,桶川市,桶川市ごみ焼却施設,0,休止,無し
埼玉県,坂戸市,坂戸市西清掃センター,21068,,無し
埼玉県,坂戸市,坂戸市東清掃センター焼却施設,0,休止,無し
埼玉県,ふじみ野市,ふじみ野市・三芳町環境センター,34029,,無し
埼玉県,伊奈町,伊奈町クリーンセンター,10756.89,,無し
埼玉県,川島町,川島町環境センターごみ処理施設,4836,,無し
埼玉県,杉戸町,杉戸町環境センター,20630,,無し
埼玉県,蓮田白岡衛生組合,蓮田白岡衛生組合ごみ焼却施設,27448,,有り
埼玉県,久喜宮代衛生組合,久喜宮代清掃センター75t／24hごみ処理施設(1号炉),11800,,無し
埼玉県,久喜宮代衛生組合,久喜宮代清掃センター75t／24hごみ処理施設(2号炉),9187,,無し
埼玉県,久喜宮代衛生組合,菖蒲清掃センター焼却施設,5668,,無し
埼玉県,久喜宮代衛生組合,八甫清掃センターごみ焼却施設,15863,,無し
埼玉県,志木地区衛生組合,富士見環境センターごみ焼却施設,20293,,無し
埼玉県,志木地区衛生組合,新座環境センター東工場,23885,,無し
埼玉県,志木地区衛生組合,新座環境センター西工場,23707,,無し
埼玉県,小川地区衛生組合,小川地区衛生組合ごみ焼却場,14413,,無し
埼玉県,東埼玉資源環境組合,第一工場ごみ処理施設,161899,,無し
埼玉県,東埼玉資源環境組合,第二工場ごみ処理施設,82384,,無し
埼玉県,蕨戸田衛生センター組合,蕨戸田衛生センターごみ処理施設,53018,,無し
埼玉県,彩北広域清掃組合,小針クリーンセンター,31018,,無し
埼玉県,秩父広域市町村圏組合,秩父広域市町村圏組合秩父クリーンセンター,27586,,有り
埼玉県,児玉郡市広域市町村圏組合,児玉郡市広域市町村圏組合立小山川クリーンセンター,46496,,無し
埼玉県,埼玉西部環境保全組合,高倉クリーンセンター,32287,,無し
埼玉県,埼玉西部環境保全組合,埼玉西部クリーンセンター,0,新設（建設中）,無し
埼玉県,大里広域市町村圏組合,大里広域市町村圏組合立熊谷衛生センター第一工場,34730,,無し
埼玉県,大里広域市町村圏組合,大里広域市町村圏組合立熊谷衛生センター第二工場,38314,,無し
埼玉県,大里広域市町村圏組合,大里広域市町村圏組合立深谷清掃センター,27030,,無し
埼玉県,大里広域市町村圏組合,大里広域市町村圏組合立江南清掃センター,23019,,無し
埼玉県,埼玉中部環境保全組合,埼玉中部環境センター,37606,,有り
千葉県,千葉市,北清掃工場,120792,,無し
千葉県,千葉市,新港清掃工場,105576,,無し
千葉県,銚子市,銚子市清掃センター(焼却施設),0,廃止,無し
千葉県,市川市,市川市クリーンセンター(ごみ焼却処理施設),124966,,無し
千葉県,船橋市,船橋市北部清掃工場,79882.85,,無し
千葉県,船橋市,船橋市南部清掃工場,0,休止,無し
千葉県,船橋市,船橋市南部清掃工場,86893.25,,無し
千葉県,館山市,館山市清掃センター,16651,,無し
千葉県,松戸市,松戸市和名ヶ谷クリーンセンター,82335,,有り
千葉県,野田市,野田市清掃工場,23414,,有り
千葉県,成田市,成田富里いずみ清掃工場,53304,,無し
千葉県,旭市,旭市クリーンセンター焼却施設,,廃止,
千葉県,習志野市,芝園清掃工場,54038.55,,有り
千葉県,柏市,柏市清掃工場,67536,,無し
千葉県,柏市,柏市第二清掃工場,39029,,無し
千葉県,勝浦市,勝浦市クリーンセンター,5659,,無し
千葉県,市原市,市原市福増クリーンセンター第一工場,27706.55,,無し
千葉県,市原市,市原市福増クリーンセンター第二工場,51067.93,,無し
千葉県,流山市,流山市クリーンセンターごみ焼却施設,42882,,無し
千葉県,八千代市,八千代市清掃センター(3号炉),22249,,無し
千葉県,八千代市,八千代市清掃センター(1・2号炉),27512,,無し
千葉県,我孫子市,我孫子市クリーンセンター(2号炉),12720,,無し
千葉県,我孫子市,我孫子市クリーンセンター(1号炉),16817,,無し
千葉県,我孫子市,我孫子市クリーンセンター,0,新設（建設中）,
千葉県,鴨川市,鴨川清掃センター,10935,,無し
千葉県,鎌ケ谷市,鎌ヶ谷市クリーンセンター,0,,無し
千葉県,君津市,君津市清掃工場,0,休止,無し
千葉県,浦安市,浦安市クリーンセンター(ごみ処理施設),43607,,有り
千葉県,四街道市,四街道市クリーンセンターごみ焼却施設,22102,,無し
千葉県,袖ケ浦市,袖ヶ浦市クリーンセンターごみ焼却施設,0,休止,無し
千葉県,八街市,八街市クリーンセンター,18699,,無し
千葉県,いすみ市,いすみクリーンセンター,8565,,無し
千葉県,御宿町,御宿町清掃センター,6580,,無し
千葉県,鋸南地区環境衛生組合,大谷クリーンセンター,6460,,無し
千葉県,佐倉市、酒々井町清掃組合,酒々井リサイクル文化センター焼却処理施設(AB系),11988,,無し
千葉県,佐倉市、酒々井町清掃組合,酒々井リサイクル文化センター焼却処理施設(C系),18310,,無し
千葉県,佐倉市、酒々井町清掃組合,酒々井リサイクル文化センター焼却処理施設(D系),20283,,無し
千葉県,東金市外三市町清掃組合,東金市外三市町環境クリーンセンター(焼却施設),41969,,無し
千葉県,東金市外三市町清掃組合,東金市外三市町環境クリーンセンター(廃棄物再生利用施設),0,休止,無し
千葉県,山武郡市環境衛生組合,ごみ焼却施設,15891,,無し
千葉県,柏・白井・鎌ケ谷環境衛生組合,クリーンセンターしらさぎ,40612.38,,有り
千葉県,匝瑳市ほか二町環境衛生組合,匝瑳市ほか二町環境衛生組合松山清掃工場,0,廃止,無し
千葉県,長生郡市広域市町村圏組合,環境衛生センターごみ処理場3号炉,13569,,無し
千葉県,長生郡市広域市町村圏組合,環境衛生センターごみ処理場1,2号炉,34771,,無し
千葉県,香取広域市町村圏事務組合,伊地山クリーンセンター,21764,,無し
千葉県,東総地区広域市区町村圏事務組合,東総地区クリーンセンター,53263,新設（新規稼働）,無し
千葉県,印西地区環境整備事業組合,印西クリーンセンター,46667,,無し
東京都,八王子市,八王子市戸吹清掃工場,66877,,無し
東京都,八王子市,八王子市北野清掃工場,19750,,無し
東京都,八王子市,館クリーンセンター,0,新設（建設中）,
東京都,立川市,立川市清掃工場,28704,,無し
東京都,立川市,立川市クリーンセンタ－（建設中）,0,新設（建設中）,無し
東京都,武蔵野市,武蔵野クリーンセンター,28631.13,,無し
東京都,昭島市,昭島市清掃センター,22665,,無し
東京都,町田市,町田リサイクル文化センター,68157,廃止,無し
東京都,町田市,町田市バイオエネルギーセンター,18389,新設（建設中）, 新設（新規稼働）,無し
東京都,日野市,日野市クリーンセンターごみ焼却施設,0,休止,無し
東京都,東村山市,東村山市秋水園,23518,,有り
東京都,国分寺市,国分寺市清掃センター,0,休止,無し
東京都,大島町,千波環境美化センター(焼却施設),3242,,無し
東京都,利島村,利島村清掃センター,64,,無し
東京都,新島村,新島村清掃センター,1284,,無し
東京都,神津島村,神津島村清掃センター,900,,無し
東京都,三宅村,三宅村クリーンセンター,1314,,無し
東京都,御蔵島村,御蔵島じん芥処理施設,210,能力変更,有り
東京都,八丈町,八丈町クリーンセンター,2844,,無し
東京都,八丈町,新八丈町クリーンセンター,0,新設（建設中）,無し
東京都,小笠原村,父島クリーンセンター,700,,有り
東京都,ふじみ衛生組合,クリーンプラザふじみ,77056,,無し
東京都,柳泉園組合,柳泉園クリーンポート,72220,,無し
東京都,西多摩衛生組合,西多摩衛生組合環境センター,63743,,無し
東京都,多摩川衛生組合,クリーンセンター多摩川,92791,,無し
東京都,小平・村山・大和衛生組合,4・5号ごみ焼却施設,50768,,無し
東京都,西秋川衛生組合,西秋川衛生組合高尾清掃センター　熱回収施設(焼却施設),27562,,無し
東京都,多摩ニュータウン環境組合,多摩清掃工場,56179,,無し
東京都,東京二十三区清掃一部事務組合,東京二十三区清掃一部事務組合大田清掃工場第一工場,47936.91,,無し
東京都,東京二十三区清掃一部事務組合,東京二十三区清掃一部事務組合有明清掃工場,108267.94,,無し
東京都,東京二十三区清掃一部事務組合,東京二十三区清掃一部事務組合墨田清掃工場,129889.67,,無し
東京都,東京二十三区清掃一部事務組合,東京二十三区清掃一部事務組合千歳清掃工場,117073.1,,無し
東京都,東京二十三区清掃一部事務組合,東京二十三区清掃一部事務組合杉並清掃工場,167715.72,,無し
東京都,東京二十三区清掃一部事務組合,東京二十三区清掃一部事務組合新江東清掃工場,348473.16,,無し
東京都,東京二十三区清掃一部事務組合,東京二十三区清掃一部事務組合港清掃工場,160323.05,,無し
東京都,東京二十三区清掃一部事務組合,東京二十三区清掃一部事務組合練馬清掃工場,141219.34,,無し
東京都,東京二十三区清掃一部事務組合,東京二十三区清掃一部事務組合豊島清掃工場,77615.38,,無し
東京都,東京二十三区清掃一部事務組合,東京二十三区清掃一部事務組合北清掃工場,126388.2,,無し
東京都,東京二十三区清掃一部事務組合,東京二十三区清掃一部事務組合渋谷清掃工場,48548.03,,無し
東京都,東京二十三区清掃一部事務組合,東京二十三区清掃一部事務組合中央清掃工場,111193.41,,無し
東京都,東京二十三区清掃一部事務組合,東京二十三区清掃一部事務組合板橋清掃工場,127297.39,,無し
東京都,東京二十三区清掃一部事務組合,東京二十三区清掃一部事務組合多摩川清掃工場,68023.03,,無し
東京都,東京二十三区清掃一部事務組合,東京二十三区清掃一部事務組合足立清掃工場,143942.79,,無し
東京都,東京二十三区清掃一部事務組合,東京二十三区清掃一部事務組合世田谷清掃工場,71906.77,,無し
東京都,東京二十三区清掃一部事務組合,東京二十三区清掃一部事務組合葛飾清掃工場,127211.81,,無し
東京都,東京二十三区清掃一部事務組合,東京二十三区清掃一部事務組合品川清掃工場,131847.33,,無し
東京都,東京二十三区清掃一部事務組合,東京二十三区清掃一部事務組合破砕ごみ処理施設,0,休止,無し
東京都,東京二十三区清掃一部事務組合,東京二十三区清掃一部事務組合大田清掃工場,179023.81,,無し
東京都,東京二十三区清掃一部事務組合,東京二十三区清掃一部事務組合　中防灰溶融施設,0,,無し
東京都,東京二十三区清掃一部事務組合,東京二十三区清掃一部事務組合目黒清掃工場,0,新設（建設中）,無し
東京都,東京二十三区清掃一部事務組合,東京二十三区清掃一部事務組合光が丘清掃工場,86645.34,,無し
東京都,浅川清流環境組合,浅川清流環境組合可燃ごみ処理施設,60458.27,,無し
神奈川県,横浜市,資源循環局金沢工場,257918,,無し
神奈川県,横浜市,資源循環局保土ケ谷工場,0,休止,無し
神奈川県,横浜市,資源循環局都筑工場,263049,,無し
神奈川県,横浜市,資源循環局鶴見工場,211424.37,,無し
神奈川県,横浜市,資源循環局旭工場,136163,,無し
神奈川県,川崎市,浮島処理センター,167648,,無し
神奈川県,川崎市,堤根処理センター,65727,,無し
神奈川県,川崎市,王禅寺処理センター,106566,,無し
神奈川県,相模原市,北清掃工場,69869,,無し
神奈川県,相模原市,南清掃工場,118267,,無し
神奈川県,横須賀市,横須賀ごみ処理施設,95894,,無し
神奈川県,平塚市,環境事業センター,71836,,無し
神奈川県,鎌倉市,鎌倉市名越クリーンセンター,28483,,無し
神奈川県,藤沢市,藤沢市北部環境事業所,38572,,無し
神奈川県,藤沢市,藤沢市石名坂環境事業所,53120.72,,無し
神奈川県,小田原市,小田原市清掃工場,14286,,無し
神奈川県,小田原市,小田原市清掃工場,33924,,無し
神奈川県,茅ヶ崎市,茅ヶ崎市ごみ焼却処理施設,66164,,無し
神奈川県,逗子市,逗子市清掃センターじん芥処理場,16311,,無し
神奈川県,厚木市,厚木市環境センター,61349,,無し
神奈川県,大和市,大和市環境管理センター,53604,,無し
神奈川県,南足柄市,南足柄市清掃工場,9046,,無し
神奈川県,葉山町,葉山町クリ-ンセンタ-,0,休止,無し
神奈川県,箱根町,箱根町環境センター清掃第1プラントごみ処理施設,11432,,無し
神奈川県,愛川町,愛川町美化プラント,0,休止,無し
神奈川県,秦野市伊勢原市環境衛生組合,伊勢原清掃工場,8380,,無し
神奈川県,秦野市伊勢原市環境衛生組合,はだのクリーンセンター,53414,,無し
神奈川県,高座清掃施設組合,高座クリーンセンターじん芥処理施設,69328,,無し
神奈川県,湯河原町真鶴町衛生組合,湯河原町真鶴町衛生組合湯河原美化センター,13126,,無し
神奈川県,足柄東部清掃組合,大井美化センター,9119,,無し
神奈川県,足柄西部清掃組合,足柄西部環境センター,6547,,無し
神奈川県,厚木愛甲環境施設組合,（仮称）厚木愛甲地域ごみ中間処理施設,0,新設（建設中）,無し
新潟県,新潟市,新潟市亀田清掃センター,96568,,無し
新潟県,新潟市,新潟市鎧潟クリーンセンター,17449,,無し
新潟県,新潟市,新潟市新田清掃センター焼却施設,89221.9,,有り
新潟県,長岡市,寿クリーンセンターごみ焼却施設,32575,,有り
新潟県,長岡市,鳥越クリーンセンターごみ焼却施設,22953,,有り
新潟県,三条市,三条市清掃センター流動床式ガス化溶融炉,32363,,有り
新潟県,柏崎市,クリーンセンターかしわざきごみ処理場,23577,,無し
新潟県,小千谷市,時水清掃工場,11902,,無し
新潟県,十日町市,エコクリーンセンター,12976,,無し
新潟県,見附市,見附市清掃センター,10468,,無し
新潟県,村上市,村上市ごみ処理場(エコパークむらかみ),24315,,有り
新潟県,糸魚川市,糸魚川市清掃センターごみ処理施設,12268,,無し
新潟県,妙高市,妙高クリーンセンター,9315,,無し
新潟県,上越市,上越市クリーンセンター,49740,,無し
新潟県,阿賀野市,阿賀野市環境センター,8871,,有り
新潟県,佐渡市,佐渡クリーンセンターごみ焼却施設,15981,,無し
新潟県,佐渡市,灰溶融固形化施設(メルティングセンター佐渡),1924,,無し
新潟県,魚沼市,エコプラント魚沼,16369,,有り
新潟県,南魚沼市,環境衛生センター可燃ごみ処理施設,19399.58,,有り
新潟県,阿賀町,阿賀町クリーンセンター,3167,能力変更,有り
新潟県,粟島浦村,粟島浦村ごみ焼却処理施設,47,,無し
新潟県,津南地域衛生施設組合,津南地域衛生施設組合ごみ処理場,3298,,有り
新潟県,加茂市・田上町消防衛生保育組合,清掃センター,12379,,有り
新潟県,燕・弥彦総合事務組合,燕・弥彦総合事務組合環境センター(流動床炉),11493,,無し
新潟県,燕・弥彦総合事務組合,燕・弥彦総合事務組合・環境センター(ストーカ炉),13893,,無し
新潟県,豊栄郷清掃施設処理組合,豊栄環境センター,16948,,無し
新潟県,新発田地域広域事務組合,中条地区塵芥焼却場,18100,,無し
新潟県,新発田地域広域事務組合,新発田広域クリーンセンター,25050.67,,無し
新潟県,五泉地域衛生施設組合,ごみ焼却場,20901,,無し
富山県,射水市,射水市クリーンピア射水,27830,,無し
富山県,砺波広域圏事務組合,クリーンセンターとなみごみ処理施設,14900,能力変更,有り
富山県,新川広域圏事務組合,新川広域圏事務組合エコぽ～と,31533,,無し
富山県,富山地区広域圏事務組合,富山地区広域圏クリーンセンター,154434,,無し
富山県,高岡地区広域圏事務組合,高岡広域エコ・クリーンセンター,65878,,無し
石川県,金沢市,東部環境エネルギーセンター,41415.24,,無し
石川県,金沢市,西部環境エネルギーセンター,86103.59,,有り
石川県,小松市,エコロジーパークこまつ（クリーンセンター）,25322,,無し
石川県,輪島市,輪島クリーンセンター焼却処理施設,4872,,無し
石川県,加賀市,加賀市環境美化センター加賀ごみ処理施設,19087,,無し
石川県,加賀市,加賀市環境美化センター山中美化センター,0,休止,無し
石川県,能美市,能美市美化センター,13559,能力変更,無し
石川県,能登町,内浦クリーンセンター,0,廃止,無し
石川県,白山野々市広域事務組合,松任石川環境クリーンセンター,50982,,無し
石川県,石川北部アール・ディ・エフ広域処理組合,石川北部RDFセンター,36448,,無し
福井県,福井市,クリーンセンター,63459.25,,無し
福井県,敦賀市,敦賀市清掃センター,21563.06,,無し
福井県,小浜市,小浜市クリーンセンター,14284,,無し
福井県,おおい町,大飯清掃センター,2399,,無し
福井県,美浜・三方環境衛生組合,ガス化溶融施設,5466,,有り
福井県,福井坂井地区広域市町村圏事務組合,清掃センター,46642,,無し
福井県,大野・勝山地区広域行政事務組合,大野・勝山地区広域行政事務組合ごみ処理施設,17380,,有り
福井県,南越清掃組合,第2清掃センター,0,廃止,無し
福井県,南越清掃組合,第１清掃センター,24832,新設（新規稼働）,無し
福井県,鯖江広域衛生施設組合,鯖江広域衛生施設組合　鯖江クリーンセンター　ごみ焼却施設,25454,,有り
山梨県,富士吉田市,富士吉田市環境美化センターごみ処理施設,29724,,無し
山梨県,上野原市,上野原市クリーンセンターごみ焼却施設,4224,,無し
山梨県,山中湖村,山中湖村クリーンセンターごみ焼却施設,3627,,無し
山梨県,峡南衛生組合,峡南衛生組合ごみ処理場,6187,,無し
山梨県,大月都留広域事務組合,可燃ごみ焼却施設,17663,,無し
山梨県,中巨摩地区広域事務組合,中巨摩地区広域事務組合清掃センター,49904,,無し
山梨県,峡北広域行政事務組合,峡北広域環境衛生センター,30570,,無し
山梨県,甲府・峡東地域ごみ処理施設事務組合,甲府・峡東クリーンセンター(エネルギー棟),98674,,無し
長野県,小諸市,クリーンヒルこもろ,7329,,無し
長野県,小海町,小海町草刈久保焼却施設,0,休止,無し
長野県,川上村,川上村営ゴミ処理場,39,廃止,無し
長野県,川上村,川上村・南牧村共同焼却炉,434,,無し
長野県,川西保健衛生施設組合,川西保健衛生施設組合川西清掃センター,0,休止,無し
長野県,葛尾組合,葛尾組合焼却施設,10541,廃止,無し
長野県,佐久市・北佐久郡環境施設組合,佐久平クリーンセンター,29019,,無し
長野県,長野広域連合,ながの環境エネルギーセンター,110607.83,,無し
長野県,長野広域連合,ちくま環境エネルギーセンター,0,新設（建設中）,無し
長野県,湖周行政事務組合,諏訪湖周クリーンセンター,27269,,無し
長野県,穂高広域施設組合,穂高クリーンセンターごみ焼却施設,32962,,無し
長野県,穂高広域施設組合,穂高クリーンセンターごみ焼却施設,0,廃止,無し
長野県,北アルプス広域連合,北アルプスエコパーク,9998,,無し
長野県,北アルプス広域連合,大町市環境プラント,0,廃止, 移管,無し
長野県,木曽広域連合,木曽クリーンセンター,5284,,無し
長野県,南信州広域連合,稲葉クリーンセンター,28899,,無し
長野県,上伊那広域連合,上伊那クリーンセンター,32929,,無し
長野県,上田地域広域連合,上田地域広域連合上田クリーンセンター,29225,,無し
長野県,上田地域広域連合,上田地域広域連合丸子クリーンセンター,6050,,無し
長野県,上田地域広域連合,上田地域広域連合東部クリーンセンター,3724,,無し
長野県,岳北広域行政組合,エコパーク寒川,7033,,無し
長野県,北信保健衛生施設組合,東山クリーンセンター,17291,,無し
長野県,松塩地区広域施設組合,松本クリーンセンター(可燃処理施設),94983,,無し
長野県,諏訪南行政事務組合,諏訪南行政事務組合諏訪南清掃センター,20568,,無し
岐阜県,岐阜市,掛洞プラント,19059,,無し
岐阜県,岐阜市,東部クリーンセンター,103772,,無し
岐阜県,大垣市,大垣市クリーンセンター,44996,,有り
岐阜県,高山市,高山市資源リサイクルセンター焼却施設,19829.2,,有り
岐阜県,高山市,高山市久々野クリーンセンター焼却施設,1485.1,,無し
岐阜県,多治見市,多治見市三の倉センター,46410,,有り
岐阜県,多治見市,多治見市笠原クリーンセンター焼却施設,0,休止,無し
岐阜県,中津川市,中津川市環境センター,24007,,有り
岐阜県,瑞浪市,瑞浪市クリーンセンター,10115,,有り
岐阜県,恵那市,恵那市恵南クリーンセンターあおぞら,0,休止,無し
岐阜県,土岐市,土岐市環境センター,15360,,有り
岐阜県,各務原市,各務原市北清掃センター,40877,,有り
岐阜県,山県市,山県市クリーンセンター,7215,,無し
岐阜県,飛騨市,飛騨市クリーンセンター,5334,,有り
岐阜県,本巣市,真正廃棄物処理施設,0,休止,無し
岐阜県,本巣市,根尾廃棄物処理施設,0,休止,無し
岐阜県,郡上市,郡上クリーンセンター,10594,,有り
岐阜県,下呂市,下呂市クリーンセンター,10666,,有り
岐阜県,垂井町,垂井町クリーンセンター,7923,,有り
岐阜県,可茂衛生施設利用組合,ささゆりクリーンパークエコサイクルプラザ,49473,,無し
岐阜県,南濃衛生施設利用事務組合,南濃衛生施設利用事務組合清掃センター,16127,,無し
岐阜県,西濃環境整備組合,西濃環境保全センター,35702,,無し
岐阜県,西濃環境整備組合,西濃環境保全センター,18066,,無し
岐阜県,中濃地域広域行政事務組合,クリーンプラザ中濃ガス化溶融施設,30788,,無し
静岡県,静岡市,沼上清掃工場,103650,,無し
静岡県,静岡市,沼上清掃工場灰溶融施設,0,休止,無し
静岡県,静岡市,西ケ谷清掃工場,115250,,無し
静岡県,浜松市,浜松市南部清掃工場,122531,,無し
静岡県,浜松市,浜松市浜北清掃センター(90t),0,休止,無し
静岡県,浜松市,浜松市浜北清掃センター(40t),0,休止,無し
静岡県,浜松市,浜松市天竜ごみ処理工場,0,休止,無し
静岡県,浜松市,浜松市はるのクリーンセンター,0,休止,無し
静岡県,浜松市,浜松市水窪・佐久間クリーンセンター,0,休止,無し
静岡県,浜松市,浜松市西部清掃工場,112642,,有り
静岡県,浜松市,（仮）浜松市新清掃工場,0,新設（建設中）,無し
静岡県,沼津市,沼津市清掃プラント,54314,,無し
静岡県,熱海市,熱海市エコ・プラント姫の沢,20525,,有り
静岡県,熱海市,熱海市初島清掃工場廃棄物焼却炉,99,,無し
静岡県,三島市,三島市ごみ処理施設,26930,,無し
静岡県,富士宮市,富士宮市清掃センター,36832,,無し
静岡県,伊東市,伊東市環境美化センター,29282,,有り
静岡県,島田市,田代環境プラザ,30331,,無し
静岡県,富士市,新環境クリーンセンター工場棟,62817,,有り
静岡県,磐田市,磐田市クリーンセンター(3号炉・4号炉),40030,,無し
静岡県,下田市,下田市営じん芥処理場,7920,,無し
静岡県,裾野市,裾野市美化センター,12951,,無し
静岡県,湖西市,湖西市環境センター,0,休止,無し
静岡県,伊豆市,伊豆市清掃センターごみ焼却施設,6386,,無し
静岡県,伊豆の国市,長岡清掃センター,8325,,無し
静岡県,伊豆の国市,韮山ごみ焼却場,3890.31,,無し
静岡県,伊豆の国市,大仁清掃センター,0,休止,無し
静岡県,南伊豆町,南伊豆町清掃センター,2846,,無し
静岡県,松崎町,クリーンピア松崎,2140,,無し
静岡県,西伊豆町,西伊豆町クリーンセンター,2730,,無し
静岡県,函南町,函南町ごみ焼却場,15417,,無し
静岡県,長泉町,長泉町塵芥焼却場,7814,,無し
静岡県,牧之原市御前崎市広域施設組合,牧之原市御前崎市広域施設組合環境保全センター,12827,,無し
静岡県,御殿場市・小山町広域行政組合,富士山エコパーク　焼却センター,30845.27,,有り
静岡県,東河環境センター,エコクリーンセンター東河,8690,,無し
静岡県,伊豆市沼津市衛生施設組合,土肥戸田衛生センター,2556.25,,無し
静岡県,袋井市森町広域行政組合,中遠クリーンセンター,33347,,無し
静岡県,志太広域事務組合,一色清掃工場,15962,,無し
静岡県,志太広域事務組合,高柳清掃工場,44165,,無し
静岡県,吉田町牧之原市広域施設組合,清掃センター,14125,,無し
静岡県,掛川市・菊川市衛生施設組合,環境資源ギャラリー,31153,,有り
静岡県,伊豆市伊豆の国市廃棄物処理施設組合,クリーンセンターいず,0,新設（建設中）,無し
愛知県,名古屋市,名古屋市猪子石工場,132521.51,,無し
愛知県,名古屋市,名古屋市南陽工場,0,休止,無し
愛知県,名古屋市,名古屋市富田工場,112504,,無し
愛知県,名古屋市,名古屋市五条川工場,94848.36,,無し
愛知県,名古屋市,名古屋市鳴海工場,132160.28,,無し
愛知県,名古屋市,名古屋市北名古屋工場,168922,,無し
愛知県,豊橋市,豊橋市資源化センター(焼却施設3号炉),26536,,有り
愛知県,豊橋市,豊橋市資源化センター(焼却施設1・2号炉),86013,,無し
愛知県,岡崎市,岡崎市旧中央クリーンセンターごみ焼却施設(リサイクルプラザ内),0,休止,無し
愛知県,岡崎市,岡崎市八帖クリーンセンターごみ焼却施設2号炉,0,休止,無し
愛知県,岡崎市,岡崎市八帖クリーンセンターごみ焼却施設1号炉,29972,,無し
愛知県,岡崎市,岡崎市中央クリーンセンター　ガス化溶融施設,97325.55,,無し
愛知県,一宮市,一宮市環境センター,102306.25,,無し
愛知県,一宮市,尾西清掃事業所,0,休止,無し
愛知県,半田市,半田市クリーンセンター,25323,,無し
愛知県,春日井市,春日井市クリーンセンター1、2号炉,2826.03,,無し
愛知県,春日井市,春日井市クリーンセンター3、4号炉,77123.81,,無し
愛知県,豊川市,豊川市清掃工場(1、3号炉),27564,,無し
愛知県,豊川市,豊川市清掃工場(5、6号炉),34363,,無し
愛知県,豊田市,藤岡プラント(3号炉),22252,,無し
愛知県,豊田市,渡刈クリーンセンター,99318,,無し
愛知県,安城市,安城市環境クリーンセンター,51527,,無し
愛知県,西尾市,西尾市クリーンセンター(ごみ焼却施設),54052,,無し
愛知県,蒲郡市,蒲郡市クリーンセンター,25091,,有り
愛知県,犬山市,犬山市都市美化センター,17425,,無し
愛知県,稲沢市,稲沢市環境センター,33984,,無し
愛知県,新城市,新城市クリーンセンター,12007,,無し
愛知県,東海市,東海市清掃センター,31628,,無し
愛知県,知多市,知多市清掃センター,19902,,無し
愛知県,田原市,赤羽根環境センター,0,休止,無し
愛知県,田原市,田原リサイクルセンター炭生館,15475,,無し
愛知県,東部知多衛生組合,東部知多クリーンセンター,53462,,無し
愛知県,衣浦衛生組合,衣浦衛生組合クリーンセンター衣浦,37222,,無し
愛知県,常滑武豊衛生組合,常滑武豊衛生組合クリーンセンターごみ処理施設,22117,廃止,無し
愛知県,尾張東部衛生組合,尾張東部衛生組合晴丘センターごみ焼却施設,67036,,無し
愛知県,海部地区環境事務組合,海部地区環境事務組合八穂クリーンセンター,76449,,無し
愛知県,小牧岩倉衛生組合,小牧岩倉衛生組合環境センターごみ溶融施設,44388,,無し
愛知県,知多南部衛生組合,知多南部クリーンセンター(ごみ処理施設),9155,,無し
愛知県,刈谷知立環境組合,刈谷知立環境組合クリーンセンター,61127,,無し
愛知県,江南丹羽環境管理組合,江南丹羽環境管理組合環境美化センター　ごみ焼却処理施設,31220,,無し
愛知県,北設広域事務組合,中田クリーンセンター,0,休止,無し
愛知県,尾三衛生組合,尾三衛生組合東郷美化センター,51542,,無し
愛知県,知多南部広域環境組合,知多南部広域環境センター,13596,新設（建設中）, 新設（新規稼働）,無し
三重県,津市,津市西部クリーンセンター(1号炉),23314,,無し
三重県,津市,津市西部クリーンセンター(2号炉),27881,,無し
三重県,津市,津市クリーンセンターおおたか,36966,,無し
三重県,四日市市,四日市市クリーンセンター,97273,,無し
三重県,松阪市,松阪市クリーンセンター,49371,,無し
三重県,鈴鹿市,鈴鹿市清掃センター,59963,,無し
三重県,尾鷲市,尾鷲市清掃工場,5424,,無し
三重県,亀山市,亀山市総合環境センター,20577,,有り
三重県,鳥羽市,鳥羽市答志島清掃センター,0,廃止,無し
三重県,熊野市,熊野市クリーンセンター(ごみ処理施設),4859,,無し
三重県,いなべ市,あじさいクリーンセンター,11304,,無し
三重県,志摩市,志摩市阿児清掃センター,0,休止,無し
三重県,志摩市,志摩市阿児清掃センター,0,休止,無し
三重県,志摩市,志摩市志摩清掃センター,0,休止,無し
三重県,菰野町,菰野町清掃センター,9988,,無し
三重県,南伊勢町,南勢クリーンセンター,0,休止,無し
三重県,南伊勢町,クリーンセンターなんとう,2962,,無し
三重県,伊賀南部環境衛生組合,伊賀南部クリーンセンター,20221,,有り
三重県,桑名広域清掃事業組合,桑名広域清掃事業組合可燃ごみ焼却施設,43159,,無し
三重県,鳥羽志勢広域連合,やまだエコセンター　高効率ごみ発電施設,22306.78,,無し
三重県,伊勢広域環境組合,可燃ごみ焼却処理施設,53450,,無し
滋賀県,大津市,大津市環境美化センター焼却施設,45424,新設（新規稼働）,無し
滋賀県,大津市,大津市北部クリーンセンター焼却施設,35751,廃止,無し
滋賀県,彦根市,彦根市清掃センター,29246,,無し
滋賀県,近江八幡市,近江八幡市環境エネルギーセンター,21381,,無し
滋賀県,草津市,草津市立クリーンセンター(熱回収施設),32896.54,,無し
滋賀県,守山市,守山市環境センター熱回収施設,8920,新設（新規稼働）,無し
滋賀県,栗東市,栗東市環境センター,16031,,無し
滋賀県,野洲市,野洲クリーンセンター,11963,,無し
滋賀県,高島市,高島市環境センター,13606,休止,無し
滋賀県,湖北広域行政事務センター,湖北広域行政事務センタークリスタルプラザ(焼却施設),37316,,無し
滋賀県,湖北広域行政事務センター,湖北広域行政事務センター伊香クリーンプラザ,0,休止,無し
滋賀県,中部清掃組合,日野清掃センター,39432,,無し
滋賀県,甲賀広域行政組合,甲賀広域行政組合衛生センター第2施設(ごみ処理施設),36299,能力変更,有り
京都府,京都市,旧京都市南部クリーンセンター第一工場,0,廃止,無し
京都府,京都市,京都市北部クリーンセンター,116231,,無し
京都府,京都市,京都市東北部クリーンセンター,81432.3,,無し
京都府,京都市,京都市南部クリーンセンター（焼却施設）,149877.844783526,,無し
京都府,福知山市,福知山市ごみ焼却施設,17270,,有り
京都府,舞鶴市,舞鶴市清掃事務所(第二工場),7196,,無し
京都府,舞鶴市,舞鶴市清掃事務所(第一工場),12945,能力変更,無し
京都府,綾部市,綾部市クリーンセンター,0,休止,無し
京都府,亀岡市,桜塚クリーンセンター,23427,,無し
京都府,京田辺市,環境衛生センター甘南備園焼却施設,15566,,無し
京都府,京丹後市,京丹後市峰山クリーンセンター,6992,,無し
京都府,京丹後市,京丹後市峰山クリーンセンター,7504,,無し
京都府,船井郡衛生管理組合,京都中部クリーンセンター(ごみ処理施設),0,休止,無し
京都府,城南衛生管理組合,城南衛生管理組合クリーン21長谷山,51461,,無し
京都府,城南衛生管理組合,クリーンパーク折居,31810,,無し
京都府,木津川市精華町環境施設組合,環境の森センター・きづがわ,23772,,無し
京都府,乙訓環境衛生組合,150t／日ごみ処理施設,16439,,無し
京都府,乙訓環境衛生組合,75t／日ごみ処理施設,19455,,無し
京都府,相楽東部広域連合,相楽東部クリーンセンター,0,休止,無し
京都府,宮津与謝環境組合,宮津与謝クリーンセンター,4663,,無し
大阪府,堺市,堺市クリーンセンター東工場第二工場,110598.37,,無し
大阪府,堺市,堺市クリーンセンター東工場第一工場,1588.83,休止,無し
大阪府,堺市,堺市クリーンセンター南工場,0,休止,無し
大阪府,堺市,堺市クリーンセンター臨海工場,132630.88,,無し
大阪府,池田市,池田市クリーンセンター,27102,,無し
大阪府,吹田市,吹田市資源循環エネルギーセンター,101928,,無し
大阪府,高槻市,エネルギーセンター第二工場,49647,,無し
大阪府,高槻市,エネルギーセンター第三工場,46742,,無し
大阪府,枚方市,穂谷川清掃工場第3プラント,33610,,無し
大阪府,枚方市,東部清掃工場,56713,,無し
大阪府,茨木市,環境衛生センター第1工場,33635,,有り
大阪府,茨木市,環境衛生センター第2工場,62947,,有り
大阪府,寝屋川市,寝屋川市クリーンセンター焼却施設,53344,,無し
大阪府,箕面市,箕面市環境クリーンセンター,40310,能力変更,無し
大阪府,門真市,クリーンセンター4号炉,15513,,無し
大阪府,門真市,クリーンセンター5号炉,21627,,無し
大阪府,摂津市,環境センター3号炉,15510,,無し
大阪府,摂津市,環境センター4号炉,9886,,無し
大阪府,島本町,島本町清掃工場,6854,,無し
大阪府,忠岡町,忠岡町クリーンセンター,4584,,無し
大阪府,熊取町,熊取町環境センター,11254,,無し
大阪府,岬町,岬町美化センター,5377,,無し
大阪府,豊中市伊丹市クリーンランド,豊中市伊丹市クリーンランドごみ焼却施設,150100,,無し
大阪府,泉北環境整備施設組合,泉北クリーンセンター5号炉,0,休止,無し
大阪府,泉北環境整備施設組合,泉北クリーンセンター1号炉,40765.02,,無し
大阪府,泉北環境整備施設組合,泉北クリーンセンター2号炉,41213.7,,無し
大阪府,柏羽藤環境事業組合,柏羽藤クリーンセンター,77231,,無し
大阪府,泉佐野市田尻町清掃施設組合,泉佐野市田尻町清掃施設組合第二事業所,48748,,無し
大阪府,東大阪都市清掃施設組合,第四工場,64147,,無し
大阪府,東大阪都市清掃施設組合,第五工場,128418,,無し
大阪府,四條畷市交野市清掃施設組合,熱回収施設,31329.94,,無し
大阪府,岸和田市貝塚市清掃施設組合,岸和田市貝塚市クリーンセンター,89791.97,,無し
大阪府,南河内環境事業組合,南河内環境事業組合第1清掃工場,56518,,無し
大阪府,南河内環境事業組合,南河内環境事業組合第2清掃工場,24647,,無し
大阪府,泉南清掃事務組合,泉南清掃事務組合泉南清掃工場,32383,,無し
大阪府,大阪広域環境施設組合,住之江工場,0,新設（建設中）,無し
大阪府,大阪広域環境施設組合,西淀工場,139401,,無し
大阪府,大阪広域環境施設組合,鶴見工場,160161,,無し
大阪府,大阪広域環境施設組合,八尾工場,124346,,無し
大阪府,大阪広域環境施設組合,舞洲工場,213281,,無し
大阪府,大阪広域環境施設組合,平野工場,233246,,無し
大阪府,大阪広域環境施設組合,東淀工場,113525,,無し
兵庫県,神戸市,東クリーンセンター,177098.88,,無し
兵庫県,神戸市,西クリーンセンター,124418.19,,無し
兵庫県,神戸市,港島クリーンセンター,134713.21,,無し
兵庫県,姫路市,市川美化センター,55140,,無し
兵庫県,姫路市,エコパークあぼし,104019.82,,無し
兵庫県,尼崎市,第1工場2号炉,14020,,無し
兵庫県,尼崎市,第1工場1号炉,0,休止,無し
兵庫県,尼崎市,第2工場,113867,,有り
兵庫県,明石市,大久保清掃工場,0,休止,無し
兵庫県,明石市,明石クリーンセンター焼却施設,94346,,有り
兵庫県,西宮市,西部総合処理センター焼却施設,72543,,無し
兵庫県,西宮市,東部総合処理センター焼却施設,66671,,無し
兵庫県,芦屋市,芦屋市環境処理センター,27203,,無し
兵庫県,相生市,美化センター,7932,,無し
兵庫県,加古川市,新クリーンセンター,56896,,無し
兵庫県,赤穂市,ごみ焼却場,14528,,無し
兵庫県,宝塚市,クリーンセンター,54121,,無し
兵庫県,三木市,清掃センター,20675,,有り
兵庫県,三田市,クリーンセンターごみ焼却処理施設,27678.14,,無し
兵庫県,丹波篠山市,清掃センター,15031,,有り
兵庫県,丹波市,丹波市クリーンセンター,12541,,無し
兵庫県,淡路市,夕陽が丘クリーンセンター,15545,,無し
兵庫県,稲美町,稲美町清掃センター,8012,廃止,無し
兵庫県,播磨町,塵芥処理センター,7899,休止,無し
兵庫県,揖龍保健衛生施設事務組合,揖龍クリーンセンター,25014,,無し
兵庫県,洲本市・南あわじ市衛生事務組合,やまなみ苑,26755,,無し
兵庫県,南但広域行政事務組合,南但ごみ処理施設　高効率原燃料回収施設,11938,,無し
兵庫県,西脇多可行政事務組合,ごみ処理施設,14002,,無し
兵庫県,小野加東加西環境施設事務組合,ごみ焼却処理施設1、2号炉,14692,,無し
兵庫県,小野加東加西環境施設事務組合,ごみ焼却処理施設3号炉,18699,,無し
兵庫県,くれさか環境事務組合,くれさかクリーンセンター,15428,,無し
兵庫県,北但行政事務組合,北但ごみ処理施設,35962,,有り
兵庫県,猪名川上流広域ごみ処理施設組合,国崎クリーンセンター,53042,,無し
兵庫県,にしはりま環境事務組合,にしはりまクリーンセンター(熱回収施設),20010,,無し
奈良県,奈良市,奈良市環境清美工場ごみ焼却処理施設,80567,,有り
奈良県,大和高田市,大和高田市クリーンセンター(一般炉),19525,,有り
奈良県,大和郡山市,大和郡山市クリーンセンター・清掃センター,28874,,無し
奈良県,天理市,天理市環境クリーンセンター焼却施設,26610,,無し
奈良県,橿原市,クリーンセンターかしはら,43034,,無し
奈良県,桜井市,桜井市ごみ焼却炉棟,17850,,無し
奈良県,生駒市,生駒市清掃センター,29569,,有り
奈良県,葛城市,葛城市クリーンセンター,11774,,無し
奈良県,宇陀市,宇陀クリーンセンター,4470,,無し
奈良県,平群町,平群町清掃センター,4657,,無し
奈良県,三郷町,三郷町清掃センター,5179,,無し
奈良県,河合町,河合町清掃工場,4803,,無し
奈良県,下市町,下市町紫水苑,0,休止,無し
奈良県,十津川村,十津川村衛生センター,1038,,無し
奈良県,上下北山衛生一部事務組合,上下北山クリンセンター,766,,無し
奈良県,香芝・王寺環境施設組合,美濃園,28100,,無し
奈良県,南和広域衛生組合,南和広域美化センター,5981,,無し
奈良県,東宇陀環境衛生組合,東宇陀クリーンセンター,2901,,無し
奈良県,やまと広域環境衛生事務組合,やまと広域環境衛生事務組合新ごみ処理施設,25831,,無し
奈良県,さくら広域環境衛生組合,未定,0,新設（建設中）,無し
和歌山県,和歌山市,青岸エネルギーセンター,122087.83,,有り
和歌山県,和歌山市,青岸クリーンセンター,0,休止,無し
和歌山県,田辺市,田辺市ごみ処理場(焼却施設),26335,能力変更,無し
和歌山県,新宮市,新宮市クリーンセンター,9342,,無し
和歌山県,岩出市,岩出クリーンセンター,15374,,無し
和歌山県,白浜町,白浜町清掃センター,8156,,有り
和歌山県,すさみ町,すさみ町ゴミ焼却場,1200,,無し
和歌山県,那智勝浦町,那智勝浦町清掃管理事務所(那智勝浦町クリーンセンター),4891,,有り
和歌山県,串本町古座川町衛生施設事務組合,宝嶋クリーンセンター,5502,,無し
和歌山県,御坊広域行政事務組合,御坊広域清掃センター,16617,,有り
和歌山県,上大中清掃施設組合,上大中クリーンセンター,0,廃止,無し
和歌山県,有田周辺広域圏事務組合,有田周辺広域圏事務組合環境センター,13311,,無し
和歌山県,橋本周辺広域市町村圏組合,橋本周辺広域ごみ処理場,22771,,有り
和歌山県,紀の海広域施設組合,紀の海クリーンセンター：エネルギー回収推進施設,33437,,有り
鳥取県,鳥取市,鳥取市神谷清掃工場,54807,,無し
鳥取県,米子市,米子市クリーンセンター,53411.2,,無し
鳥取県,大山町,大山町名和クリーンセンター,1541,,無し
鳥取県,日南町,日南町清掃センター,984,,無し
鳥取県,日野町江府町日南町衛生施設組合,日野町江府町日南町衛生施設組合(ごみ処理施設),1228,,無し
鳥取県,南部町・伯耆町清掃施設管理組合,南部町・伯耆町清掃施設管理組合クリーンセンター,4150,,無し
鳥取県,鳥取県東部広域行政管理組合,リンピアいなば,0,新設（建設中）,無し
鳥取県,鳥取中部ふるさと広域連合,ほうきリサイクルセンター,27106,,無し
島根県,松江市,エコクリーン松江,59241,,無し
島根県,出雲市,出雲エネルギーセンター,37880,廃止,無し
島根県,出雲市,新出雲エネルギーセンター,17270.6,新設（建設中）,無し
島根県,奥出雲町,仁多可燃物処理センター,2291,,無し
島根県,海士町,海士町清掃センター,1010,,有り
島根県,西ノ島町,西ノ島町ごみ焼却施設「清美苑」,1081,,無し
島根県,隠岐の島町,島後清掃センター,5871,,有り
島根県,益田地区広域市町村圏事務組合,益田地区広域クリーンセンター,16817,,無し
島根県,邑智郡総合事務組合,邑智クリーンセンターごみ焼却施設,2776,,無し
島根県,邑智郡総合事務組合,邑智クリーンセンター可燃ごみ共同処理施設,0,,無し
島根県,浜田地区広域行政組合,エコクリーンセンター,22369,,無し
岡山県,岡山市,岡山市東部クリーンセンター,104668.96,,有り
岡山県,岡山市,岡山市岡南環境センター,50096,休止,無し
岡山県,岡山市,岡山市当新田環境センター,50575.48,,無し
岡山県,倉敷市,倉敷市水島清掃工場,87905,,無し
岡山県,玉野市,玉野市東清掃センター,18279,,無し
岡山県,新見市,新見市クリーンセンター,7717,,無し
岡山県,備前市,クリーンセンター備前,7928,,無し
岡山県,瀬戸内市,クリーンセンターかもめ一般廃棄物焼却処理施設,8994,,無し
岡山県,赤磐市,赤磐市環境センター,11468,,無し
岡山県,真庭市,クリーンセンターまにわごみ処理施設,4416,,無し
岡山県,真庭市,真庭北部クリーンセンター,2259,,無し
岡山県,美作市,美作クリーンセンター,6634,,無し
岡山県,和気町,和気町クリーンセンター,2646.88,,無し
岡山県,美咲町,柵原クリーンセンター,0,休止,無し
岡山県,岡山県西部環境整備施設組合,岡山県西部環境整備施設組合里庄清掃工場,22659,,有り
岡山県,倉敷西部清掃施設組合,倉敷西部清掃施設組合清掃工場,23738.56,,無し
岡山県,岡山市久米南町衛生施設組合,クリーンセンター,2558,,無し
岡山県,岡山県中部環境施設組合,岡山県中部環境施設組合コスモスクリーンセンターごみ処理施設,4518,,無し
岡山県,岡山県井原地区清掃施設組合,井原クリーンセンター,12998,,無し
岡山県,総社広域環境施設組合,吉備路クリーンセンター,28575,,無し
岡山県,高梁地域事務組合,高梁地域事務組合クリーンセンター,11598,,無し
岡山県,津山圏域資源循環施設組合,津山圏域クリーンセンター,36442,,無し
広島県,広島市,広島市中工場,148621,,無し
広島県,広島市,広島市安佐北工場,0,休止,無し
広島県,広島市,広島市南工場,65665,,無し
広島県,広島市,安佐南工場焼却施設,71831,,無し
広島県,呉市,クリーンセンターくれ(第3工場),73714,,無し
広島県,呉市,芸予環境衛生センター(ごみ処理施設),1143,,無し
広島県,三原市,三原市清掃工場,30613,,無し
広島県,尾道市,尾道市クリーンセンター,35141,,無し
広島県,尾道市,尾道市因瀬クリーンセンター,7831,,無し
広島県,福山市,福山市西部清掃工場,31270,,無し
広島県,福山市,福山市新市クリーンセンター,4951.61,,無し
広島県,福山市,福山市深品クリーンセンター,18541,,無し
広島県,三次市,三次環境クリーンセンター,10472,,無し
広島県,庄原市,庄原市備北クリーンセンター,6033,,無し
広島県,庄原市,庄原市備北クリーンセンター（新）,0,新設（建設中）,無し
広島県,廿日市市,廿日市市大野清掃センター,0,休止,無し
広島県,廿日市市,廿日市市佐伯クリーンセンター,0,休止,無し
広島県,廿日市市,はつかいちエネルギークリーンセンター,37324,,無し
広島県,安芸地区衛生施設管理組合,安芸クリーンセンター,31203,,無し
広島県,芸北広域環境施設組合,芸北広域きれいセンターごみ焼却処理施設,10508,,有り
広島県,広島中央環境衛生組合,賀茂環境衛生センター(1、2号炉),2920,廃止,無し
広島県,広島中央環境衛生組合,賀茂環境衛生センター(3号炉),15460,廃止,無し
広島県,広島中央環境衛生組合,竹原安芸津環境センター,4829,廃止,無し
広島県,広島中央環境衛生組合,大崎上島環境センター,1872,廃止,無し
広島県,広島中央環境衛生組合,広島中央エコパーク(高効率ごみ発電施設),41644,新設（建設中）, 新設（新規稼働）,無し
山口県,下関市,奥山工場,89932,,有り
山口県,宇部市,宇部市環境保全センター(新焼却炉),48655,,無し
山口県,山口市,山口市清掃工場,58667,,無し
山口県,萩市,見島ごみ焼却場,189,,無し
山口県,防府市,防府市クリーンセンター可燃ごみ処理施設焼却施設,31225,,無し
山口県,岩国市,サンライズクリーンセンター,39045,,無し
山口県,山陽小野田市,山陽小野田市環境衛生センター,17882,,無し
山口県,周防大島町,周防大島町清掃センター,3659,,無し
山口県,周東環境衛生組合,周東環境衛生組合清掃センター,19886,,無し
山口県,周南地区衛生施設組合,恋路クリーンセンター,64332,,無し
山口県,萩・長門清掃一部事務組合,萩・長門清掃工場,26535,,有り
徳島県,徳島市,徳島市西部環境事務所,37090,,無し
徳島県,徳島市,徳島市東部環境事務所,36250,,無し
徳島県,鳴門市,鳴門市クリーンセンターごみ焼却場,16497,,無し
徳島県,小松島市,小松島市環境衛生センター,11376,,無し
徳島県,阿南市,阿南市クリーンセンター,0,休止,無し
徳島県,阿南市,エコパーク阿南,18824,,無し
徳島県,美馬市,木屋平村ごみ焼却場,0,休止,無し
徳島県,三好市,三好市東祖谷一般廃棄物処理場,0,,無し
徳島県,石井町,石井町清掃センター,5576,,無し
徳島県,那賀町,那賀町清掃センター,0,休止,無し
徳島県,那賀町,那賀町クリーンセンター,1607,,無し
徳島県,松茂町,松茂町第二環境センター,4894,,無し
徳島県,北島町,北島町清掃センター,5072,,無し
徳島県,藍住町,藍住町西クリーンステーション,7858,,無し
徳島県,板野町,板野町環境センター,0,休止,無し
徳島県,海部郡衛生処理事務組合,海部郡衛生処理事務組合海部美化センター,6128,,無し
徳島県,美馬環境整備組合,クリーンセンター美馬,9319,,無し
徳島県,中央広域環境施設組合,中央広域環境センター,29036,,無し
徳島県,みよし広域連合,清掃センター,11760,,無し
香川県,高松市,高松市南部クリーンセンター,55904,,無し
香川県,高松市,高松市西部クリーンセンター,55660,,無し
香川県,直島町,直島町焼却施設,1310,,無し
香川県,小豆地区広域行政事務組合,小豆地区広域行政事務組合小豆島クリーンセンター,9691,,無し
香川県,中讃広域行政事務組合,クリントピア丸亀,41286,,有り
香川県,中讃広域行政事務組合,仲善クリーンセンター,13281,,無し
香川県,坂出、宇多津広域行政事務組合,坂出、宇多津広域行政事務組合角山環境センター,20602,,無し
香川県,香川県東部清掃施設組合,香川東部溶融クリーンセンター,30136,,無し
愛媛県,松山市,松山市南クリーンセンター,36876.58,,無し
愛媛県,松山市,松山市北条クリーンセンター,0,休止,無し
愛媛県,松山市,松山市中島クリーンセンター,0,休止,無し
愛媛県,松山市,松山市西クリーンセンター,88907.8,,無し
愛媛県,今治市,今治市クリーンセンター　可燃ごみ処理施設,48338,,無し
愛媛県,八幡浜市,八幡浜南環境センター,18772,,無し
愛媛県,新居浜市,新居浜市清掃センター,33957,,有り
愛媛県,西条市,西条市道前クリーンセンター,32141,,有り
愛媛県,大洲市,大洲市環境センター,11918,,無し
愛媛県,四国中央市,四国中央市クリーンセンター,30277,,有り
愛媛県,東温市,東温市クリーンセンター,5192,,無し
愛媛県,上島町,高井神クリーンセンター,0,休止,無し
愛媛県,上島町,魚島クリーンセンター,0,休止,無し
愛媛県,上島町,上島クリーンセンター,2528,,無し
愛媛県,内子町,内子町クリーンセンター,3550,,無し
愛媛県,伊予地区ごみ処理施設管理組合,伊予地区清掃センター,17126,,無し
愛媛県,宇和島地区広域事務組合,宇和島地区広域事務組合　環境センター,31098,,無し
高知県,高知市,高知市清掃工場,110480,,無し
高知県,安田町,安田町清掃センター,0,休止,無し
高知県,いの町,吾北塵芥処理場,0,,無し
高知県,四万十町,クリーンセンター銀河,5038,,無し
高知県,高吾北広域町村事務組合,高吾北清掃センター,6500,,無し
高知県,香南清掃組合,香南清掃組合まほろばクリーンセンター,26817,,無し
高知県,幡多広域市町村圏事務組合,幡多クリーンセンター,29848,,有り
高知県,嶺北広域行政事務組合,嶺北広域清掃センター,2379,,無し
高知県,安芸広域市町村圏事務組合,安芸広域メルトセンター,17079,,無し
高知県,高知中央西部焼却処理事務組合,北原クリーンセンター,13007,,有り
福岡県,北九州市,北九州市新門司工場,138222,,有り
福岡県,北九州市,北九州市日明工場,105774,,有り
福岡県,北九州市,北九州市皇后崎工場,176455,,有り
福岡県,福岡市,福岡市臨海工場,179078.49,,有り
福岡県,福岡市,福岡市西部工場,113305.84,,有り
福岡県,福岡市,福岡市玄界島焼却場,94.46,,無し
福岡県,久留米市,久留米市上津クリーンセンター,46469.38,,無し
福岡県,久留米市,久留米市宮ノ陣クリーンセンター,32028.5,,無し
福岡県,柳川市,柳川市クリーンセンター,14392,廃止,無し
福岡県,大川市,大川市清掃センター,9471,,無し
福岡県,みやま市,みやま市清掃センター,3967,廃止,無し
福岡県,糸島市,糸島市クリーンセンターごみ処理場,31649,,有り
福岡県,玄界環境組合,古賀清掃工場焼却施設,53562,,有り
福岡県,玄界環境組合,宗像清掃工場ガス化溶融施設,32233,,有り
福岡県,八女西部広域事務組合,八女西部クリーンセンター,34704,,無し
福岡県,田川郡東部環境衛生施設組合,田川郡東部じん芥処理センター,8009,,無し
福岡県,豊前市外二町清掃施設組合,豊前市外二町清掃センター,13242,,無し
福岡県,甘木・朝倉・三井環境施設組合,廃棄物再生処理センター「サン・ポート」ごみ処理施設,31255,,無し
福岡県,有明生活環境施設組合,有明生活環境施設組合クリーンセンター,7790,新設（新規稼働）,無し
福岡県,筑紫野・小郡・基山清掃施設組合,クリーンヒル宝満,42735,,無し
福岡県,田川地区清掃施設組合,田川市川崎町清掃センター,19731,,無し
福岡県,大牟田・荒尾清掃施設組合,大牟田・荒尾清掃施設組合新開クリーンセンター,0,休止,無し
福岡県,福岡都市圏南部環境事業組合,福岡都市圏南部工場,108054.9,,無し
福岡県,下田川清掃施設組合,下田川塵芥清掃センター,9848,,無し
福岡県,ふくおか県央環境広域施設組合,飯塚市クリーンセンター清掃工場,25387,,無し
福岡県,ふくおか県央環境広域施設組合,嘉麻市嘉麻クリーンセンター,5684,,無し
福岡県,ふくおか県央環境広域施設組合,桂苑,17220,,無し
佐賀県,佐賀市,佐賀市清掃工場,68550,,無し
佐賀県,唐津市,唐津市清掃センター,34035,,無し
佐賀県,脊振共同塵芥処理組合,脊振広域クリーンセンター,14227,,無し
佐賀県,鳥栖・三養基西部環境施設組合,鳥栖・三養基西部溶融資源化センター,32167,,無し
佐賀県,佐賀県西部広域環境組合,さが西部クリーンセンター,57655.19,,無し
佐賀県,天山地区共同環境組合,クリーンヒル天山,15070,,無し
佐賀県,佐賀県東部環境施設組合,佐賀県東部環境施設組合エネルギー回収型廃棄物処理施設（仮称）,0,新設（建設中）,無し
長崎県,長崎市,西工場,65996,,無し
長崎県,長崎市,東工場,57097,,無し
長崎県,佐世保市,東部クリーンセンター,48117,,無し
長崎県,佐世保市,宇久清掃センター,0,休止,無し
長崎県,佐世保市,佐世保市西部クリーンセンター,30235,,無し
長崎県,諫早市,諫早市環境センター,0,休止,無し
長崎県,諫早市,多良見クリーンセンター,0,休止,無し
長崎県,諫早市,諫早市環境センター(溶融施設),0,休止,無し
長崎県,大村市,大村市環境センター,10852,,無し
長崎県,対馬市,対馬クリーンセンター,11649,,無し
長崎県,壱岐市,壱岐市クリーンセンター,6979,,無し
長崎県,五島市,五島市クリーンセンター,11231,,無し
長崎県,五島市,五島市福江清掃センター,0,休止,無し
長崎県,五島市,五島市富江クリーンセンター,54,休止,無し
長崎県,五島市,五島市三井楽清掃センター,0,休止,無し
長崎県,五島市,五島市奈留清掃センター,0,休止,無し
長崎県,西海市,西海市炭化センター,6753,,有り
長崎県,南島原市,南島原市南有馬クリーンセンター,11640,,無し
長崎県,小値賀町,小値賀町ごみ焼却場,452,,無し
長崎県,佐々町,佐々クリーンセンター,4595,,無し
長崎県,新上五島町,新上五島町クリーンセンター・ごみ焼却施設,7360,,無し
長崎県,東彼地区保健福祉組合,東彼地区清掃工場,10967,,無し
長崎県,県央県南広域環境組合,県央県南クリーンセンター,78109,,無し
長崎県,北松北部環境組合,北松北部クリーンセンター　ごみ処理施設,14193,,無し
長崎県,長与・時津環境施設組合,クリーンパーク長与,16648,,無し
熊本県,熊本市,西部環境工場,79749,,有り
熊本県,熊本市,東部環境工場,137093,,有り
熊本県,八代市,八代市環境センター,32952,,無し
熊本県,山鹿市,山鹿市環境センター,12572,,無し
熊本県,天草市,牛深クリーンセンター,4105,,無し
熊本県,天草市,御所浦クリーンセンター,478,,無し
熊本県,天草市,西天草クリーンセンター,1709,,無し
熊本県,山都町,小峰クリーンセンター,2930,,無し
熊本県,菊池環境保全組合,東部清掃工場,0,廃止,無し
熊本県,菊池環境保全組合,菊池環境工場　クリーンの森合志,43171,新設（新規稼働）,無し
熊本県,御船町甲佐町衛生施設組合,御船甲佐クリーンセンター,7181,,無し
熊本県,益城、嘉島、西原環境衛生施設組合,益城クリーンセンター,14084,,無し
熊本県,八代生活環境事務組合,クリーンセンター,3009,,無し
熊本県,人吉球磨広域行政組合,人吉球磨クリーンプラザ(焼却施設),20576,,無し
熊本県,有明広域行政事務組合,東部環境センター,13079,,無し
熊本県,有明広域行政事務組合,クリーンパークファイブ,10669,,無し
熊本県,水俣芦北広域行政事務組合,水俣芦北広域行政事務組合クリーンセンター,7976,,有り
熊本県,宇城広域連合,宇土清掃センターごみ処理施設,0,休止,無し
熊本県,宇城広域連合,宇城クリーンセンターごみ処理施設,25829,,無し
熊本県,天草広域連合,本渡地区清掃センター,17036,,無し
熊本県,天草広域連合,松島地区清掃センター,7172,,無し
大分県,大分市,大分市福宗環境センター福宗清掃工場,89731,,無し
大分県,大分市,大分市佐野清掃センター清掃工場,81703,,無し
大分県,中津市,中津市クリーンプラザ,25344,,無し
大分県,日田市,日田市清掃センター,16607.88,,無し
大分県,佐伯市,エコセンター番匠,27483,,無し
大分県,津久見市,保戸島焼却場,0,休止,無し
大分県,豊後高田市,豊後高田市ごみ清掃工場,6104,,無し
大分県,宇佐市,宇佐市ごみ焼却センター,15827,,無し
大分県,豊後大野市,豊後大野市清掃センター,10387,,有り
大分県,国東市,国東市クリーンセンター,7364,,無し
大分県,姫島村,姫島村清掃センター,0,休止,無し
大分県,姫島村,姫島村清掃センター,491,新設（新規稼働）,有り
大分県,別杵速見地域広域市町村圏事務組合,藤ヶ谷清掃センター　高効率ごみ発電施設,58820.47,,無し
大分県,玖珠九重行政事務組合,玖珠清掃センター,6543,,無し
宮崎県,宮崎市,エコクリーンプラザみやざき焼却施設,139949.2,,有り
宮崎県,都城市,都城市クリーンセンター,64224,,無し
宮崎県,延岡市,延岡市清掃工場,42338,,無し
宮崎県,日南市,日南市南郷清掃センター,0,休止,無し
宮崎県,日南市,日南市クリーンセンター,25759,,無し
宮崎県,小林市,小林市清掃工場,0,,無し
宮崎県,えびの市,えびの市美化センター,7010,,無し
宮崎県,国富町,国富町ごみ焼却場,0,休止,無し
宮崎県,綾町,綾町資源活用クリーンセンター,0,廃止,無し
宮崎県,日向東臼杵広域連合,日向東臼杵広域連合清掃センター,23206,,無し
鹿児島県,鹿児島市,鹿児島市南部清掃工場,31516,休止,無し
鹿児島県,鹿児島市,鹿児島市北部清掃工場,106626.91,,無し
鹿児島県,鹿児島市,鹿児島市南部清掃工場,32723,新設（新規稼働）,無し
鹿児島県,薩摩川内市,川内クリーンセンター,24929.84,,無し
鹿児島県,薩摩川内市,下甑クリーンセンター,0,休止,無し
鹿児島県,薩摩川内市,上甑島クリーンセンター,0,休止,無し
鹿児島県,薩摩川内市,鹿島クリーンセンター,0,休止,無し
鹿児島県,日置市,日置市クリーン・リサイクルセンター,11863,,無し
鹿児島県,曽於市,曽於市クリーンセンター,5883,,無し
鹿児島県,霧島市,霧島市敷根清掃センターごみ処理施設,34094,新設（建設中）,無し
鹿児島県,いちき串木野市,串木野環境センター,7502,,無し
鹿児島県,姶良市,あいら清掃センター,20662,,無し
鹿児島県,三島村,三島村黒島大里地区焼却処理施設,18,,無し
鹿児島県,さつま町,さつま町クリーンセンター,5420,,無し
鹿児島県,南種子町,南種子町清掃センター,1089,,無し
鹿児島県,屋久島町,屋久島クリーンサポートセンター,2214,,無し
鹿児島県,喜界町,喜界町クリーンセンター,2500,新設（新規稼働）,無し
鹿児島県,与論町,与論ｸﾘｰﾝｾﾝﾀｰ美ら島,1969,,無し
鹿児島県,南薩地区衛生管理組合,内鍋清掃センター,17926,,無し
鹿児島県,南薩地区衛生管理組合,川辺清掃センター,2627,,無し
鹿児島県,指宿広域市町村圏組合,指宿広域クリーンセンター,13953,,無し
鹿児島県,大島地区衛生組合,名瀬クリーンセンタ-,19369,,有り
鹿児島県,沖永良部衛生管理組合,沖永良部クリーンセンター,3456,,無し
鹿児島県,伊佐北姶良環境管理組合,未来館ごみ処理施設,12379,,無し
鹿児島県,北薩広域行政事務組合,北薩広域行政事務組合　環境センター,0,廃止,無し
鹿児島県,北薩広域行政事務組合,北薩広域行政事務組合　環境センター　エネクリン北薩,22747,新設（新規稼働）,無し
鹿児島県,種子島地区広域事務組合,種子島清掃センター,5791,,無し
鹿児島県,大隅肝属広域事務組合,肝属地区清掃センター,36863,,無し
鹿児島県,徳之島愛ランド広域連合,徳之島愛ランドクリーンセンター,5965,,無し
沖縄県,石垣市,石垣市クリーンセンター,15458,,無し
沖縄県,浦添市,浦添市クリーンセンター,30919,,無し
沖縄県,名護市,名護市環境センター,15904,,無し
沖縄県,宮古島市,宮古島市クリーンセンター（焼却棟）,17286,,無し
沖縄県,伊江村,伊江村E＆Cセンター,1376,,無し
沖縄県,渡嘉敷村,渡嘉敷村クリーンセンター,292,,無し
沖縄県,粟国村,美ら島あぐにクリーンセンター,0,休止,無し
沖縄県,南大東村,南大東村クリーンセンター,410,,無し
沖縄県,北大東村,北大東村ごみ処理施設,104,,無し
沖縄県,伊平屋村,伊平屋村クリーンセンター,351,,無し
沖縄県,伊是名村,伊是名村ごみ処理施設,323,,無し
沖縄県,久米島町,久米島ニュークリーンセンター,2771,,無し
沖縄県,多良間村,クリーンセンターたらま,287,,無し
沖縄県,与那国町,与那国町ごみ焼却施設,472.8,新設（新規稼働）,無し
沖縄県,倉浜衛生施設組合,エコトピア池原,71766,,無し
沖縄県,本部町今帰仁村清掃施設組合,ごみ処理施設,7550,,無し
沖縄県,中城村北中城村清掃事務組合,中城青葉苑,12529,,無し
沖縄県,金武地区消防衛生組合,金武地区消防衛生組合金武地区清掃センター,6805,,無し
沖縄県,国頭地区行政事務組合,やんばる環境センター,3157,,無し
沖縄県,南部広域行政組合,糸豊環境美化センター,43406,,無し
沖縄県,南部広域行政組合,東部環境美化センター,31108,,無し
沖縄県,比謝川行政事務組合,環境美化センター,15903,,無し
沖縄県,中部北環境施設組合,ごみ溶融施設,36404,,無し
沖縄県,那覇市・南風原町環境施設組合,那覇・南風原クリーンセンター,90922.06,,無し