factory_type,name,coordinates,local_government,annual_throughput,remarks,industrial_waste,title
incineration_facility,札幌市駒岡清掃工場,"[141.354401, 43.062077]",札幌市(北海道),117694,,有り,北海道札幌市
incineration_facility,札幌市白石清掃工場,"[141.396408, 43.045555]",札幌市(北海道),189448,,有り,北海道札幌市白石区
incineration_facility,札幌市発寒清掃工場,"[141.354401, 43.062077]",札幌市(北海道),128478,,有り,北海道札幌市
incineration_facility,函館市日乃出清掃工場(3号炉),"[140.752518, 41.77433]",函館市(北海道),50514,,有り,北海道函館市日乃出町
incineration_facility,函館市日乃出清掃工場(1、2号炉),"[140.752518, 41.77433]",函館市(北海道),31625,,有り,北海道函館市日乃出町
incineration_facility,函館市恵山クリーンセンター焼却施設,"[141.154785, 41.788414]",函館市(北海道),0,休止,無し,北海道函館市恵山町
incineration_facility,旭川市近文清掃工場,"[142.35466, 43.807224]",旭川市(北海道),74033,,無し,北海道旭川市近文
incineration_facility,北見市廃棄物処理場ごみ処理施設,"[143.894684, 43.802906]",北見市(北海道),30727,,無し,北海道北見市
incineration_facility,岩見沢じん芥処理センター(焼却施設),"[141.77536, 43.19603]",岩見沢市(北海道),0,休止,無し,北海道岩見沢市
incineration_facility,苫小牧市沼ノ端クリーンセンター,"[141.710419, 42.670681]",苫小牧市(北海道),49437.85,,無し,北海道苫小牧市沼ノ端
incineration_facility,江別市環境クリーンセンター,"[141.53624, 43.103745]",江別市(北海道),32481,,無し,北海道江別市
incineration_facility,根室市じん芥焼却場,"[145.582794, 43.330067]",根室市(北海道),11571,,有り,北海道根室市
incineration_facility,千歳市焼却処理場,"[141.651001, 42.821011]",千歳市(北海道),26510,,有り,北海道千歳市
incineration_facility,恵庭市ごみ焼却場,"[141.577774, 42.882584]",恵庭市(北海道),0,休止,無し,北海道恵庭市
incineration_facility,恵庭市焼却施設,"[141.577774, 42.882584]",恵庭市(北海道),12745,,有り,北海道恵庭市
incineration_facility,石狩市北石狩衛生センターごみ処理施設,"[141.392807, 43.23188]",石狩市(北海道),18361,,無し,北海道石狩市北生振
incineration_facility,奥尻町環境センター焼却処理場,"[139.51413, 42.172287]",奥尻町(北海道),914,,有り,北海道奥尻郡奥尻町
incineration_facility,上富良野町クリーンセンター,"[142.467087, 43.45565]",上富良野町(北海道),2686,,無し,北海道空知郡上富良野町
incineration_facility,幌加内町一般廃棄物焼却施設,"[142.153824, 44.009796]",幌加内町(北海道),206,,無し,北海道雨竜郡幌加内町
incineration_facility,枝幸町水産廃棄物等処理施設,"[142.58139, 44.938683]",枝幸町(北海道),0,休止,無し,北海道枝幸郡枝幸町
incineration_facility,礼文町衛生センターごみ焼却施設,"[145.176834, 44.00769]",礼文町(北海道),857.36,,有り,北海道羅臼町礼文町
incineration_facility,津別町クリーンセンター,"[144.025238, 43.706261]",津別町(北海道),0,休止,無し,北海道津別町
incineration_facility,訓子府町一般廃棄物焼却施設,"[143.741669, 43.725368]",訓子府町(北海道),0,,無し,北海道訓子府町
incineration_facility,興部町一般廃棄物焼却炉,"[143.123962, 44.469868]",興部町(北海道),0,休止,無し,北海道興部町
incineration_facility,雄武町廃棄物焼却処理場,"[142.962006, 44.582504]",雄武町(北海道),0,休止,無し,北海道紋別郡雄武町
incineration_facility,大空町一般廃棄物焼却処理施設,"[143.152313, 42.87928]",大空町(北海道),852,,無し,北海道帯広市大空町一丁目
incineration_facility,浦河町クリーンプラザ,"[142.768204, 42.168343]",浦河町(北海道),2864,,無し,北海道浦河郡浦河町
incineration_facility,様似町クリーンセンター　焼却施設,"[142.933884, 42.127777]",様似町(北海道),975,,無し,北海道様似郡様似町
incineration_facility,えりも町清掃センター,"[143.148331, 42.016388]",えりも町(北海道),1043,,無し,北海道えりも町
incineration_facility,新得町一般廃棄物中間処理施設,"[142.834106, 43.083332]",新得町(北海道),0,廃止,無し,北海道新得町一条
incineration_facility,標茶町クリーンセンター,"[144.390717, 43.297096]",標茶町(北海道),1933,,有り,北海道標茶町クチヨロ
incineration_facility,弟子屈町廃棄物処理施設,"[144.45932, 43.485214]",弟子屈町(北海道),0,休止,無し,北海道川上郡弟子屈町
incineration_facility,白糠町クリーンセンター,"[144.071732, 42.956165]",白糠町(北海道),0,,無し,北海道白糠郡白糠町
incineration_facility,白糠町廃棄物簡易焼却炉,"[144.071732, 42.956165]",白糠町(北海道),0,,無し,北海道白糠郡白糠町
incineration_facility,根室北部広域ごみ処理施設,"[145.582794, 43.330067]",根室北部廃棄物処理広域連合(北海道),11786,,無し,北海道根室振興局
incineration_facility,北しりべし広域クリーンセンター,"[141.340973, 43.090778]",北しりべし廃棄物処理広域連合(北海道),35358,,無し,北海道札幌市北区
incineration_facility,岩内地方清掃センター,"[140.51474, 42.979813]",岩内地方衛生組合(北海道),5811,,無し,北海道岩内
incineration_facility,南渡島衛生センター,"[141.634888, 43.081894]",南渡島衛生施設組合(北海道),186,,無し,北海道南幌町南
incineration_facility,南十勝環境衛生センター,"[141.634888, 43.081894]",南十勝複合事務組合(北海道),3581,,無し,北海道南幌町南十線
incineration_facility,南部桧山清掃センター,"[140.77626, 42.737492]",南部桧山衛生処理組合(北海道),4893,,無し,北海道真狩村南部
incineration_facility,日高中部環境センター,"[142.074295, 42.480335]",日高中部衛生施設組合(北海道),9616,,無し,北海道沙流郡日高町
incineration_facility,遠軽地区広域組合えんがるクリーンセンター,"[143.528046, 44.061962]",遠軽地区広域組合(北海道),8514,,無し,北海道遠軽
incineration_facility,愛別町外3町塵芥処理組合富沢衛生センター,"[142.57782, 43.906673]",愛別町外3町塵芥処理組合(北海道),7045,,有り,北海道愛別町
incineration_facility,西胆振地域廃棄物広域処理施設,"[141.300903, 43.074455]",西いぶり広域連合(北海道),37101,,無し,北海道札幌市西区
incineration_facility,南後志清掃センター,"[141.634888, 43.081894]",南部後志衛生施設組合(北海道),1866,,無し,北海道南幌町南
incineration_facility,しらかば清掃センター,"[141.692429, 43.014477]",大雪清掃組合(北海道),7746,,無し,北海道長沼町しらかば
incineration_facility,平取町外2町衛生施設組合清掃センター第1工場(焼却),"[142.128693, 42.58514]",平取町外2町衛生施設組合(北海道),5655,,無し,北海道沙流郡平取町
incineration_facility,留萌南部衛生組合有害鳥獣焼却処理施設,"[141.636932, 43.941006]",留萌南部衛生組合(北海道),44,,無し,北海道留萌振興局
incineration_facility,北十勝2町環境衛生処理組合ごみ処理施設,"[142.476227, 43.932865]",北十勝2町環境衛生処理組合(北海道),1901,,無し,北海道比布町北十線
incineration_facility,釧路広域連合清掃工場,"[144.46608, 42.996174]",釧路広域連合(北海道),62700,,無し,北海道釧路総合振興局
incineration_facility,西紋別地区広域ごみ処理センター,"[141.300903, 43.074455]",西紋別地区環境衛生施設組合(北海道),7379,,無し,北海道札幌市西区
incineration_facility,青森市清掃工場,"[140.657318, 40.904491]",青森市(青森県),91452,,有り,青森県青森市清水
incineration_facility,三沢市清掃センター,"[141.36908, 40.683071]",三沢市(青森県),13841,,無し,青森県三沢市
incineration_facility,平内町廃棄物処理施設,"[140.955933, 40.926052]",平内町(青森県),0,休止,無し,青森県東津軽郡平内町
incineration_facility,外ヶ浜町ごみ処理施設,"[140.632431, 41.043259]",外ヶ浜町(青森県),2049.58,,無し,青森県外ヶ浜町
incineration_facility,弘前地区環境整備センター,"[140.464035, 40.603096]",弘前地区環境整備事務組合(青森県),42439,,無し,青森県弘前市
incineration_facility,南部清掃工場,"[141.330307, 40.420341]",弘前地区環境整備事務組合(青森県),26548,,無し,青森県三戸郡南部町
incineration_facility,三戸地区クリーンセンター,"[141.258743, 40.378445]",三戸地区環境整備事務組合(青森県),8073,,無し,青森県三戸郡
incineration_facility,八戸清掃工場第一工場,"[141.488449, 40.512302]",八戸地域広域市町村圏事務組合(青森県),49585,,無し,青森県八戸市
incineration_facility,八戸清掃工場第二工場,"[141.488449, 40.512302]",八戸地域広域市町村圏事務組合(青森県),21377,,無し,青森県八戸市
incineration_facility,十和田地域広域事務組合十和田ごみ焼却施設,"[141.205383, 40.612507]",十和田地域広域事務組合(青森県),33551,,無し,青森県十和田市
incineration_facility,盛岡市クリーンセンター,"[141.154465, 39.702068]",盛岡市(岩手県),66580,,無し,岩手県盛岡市
incineration_facility,花巻市清掃センター焼却施設,"[141.116898, 39.388611]",花巻市(岩手県),0,休止,無し,岩手県花巻市
incineration_facility,北上市清掃事業所1号棟,"[141.113235, 39.286774]",北上市(岩手県),0,休止,無し,岩手県北上市
incineration_facility,遠野市清養園クリーンセンターごみ焼却施設,"[141.531387, 39.330688]",遠野市(岩手県),0,休止,無し,岩手県遠野市
incineration_facility,八幡平市清掃センター,"[141.047073, 40.104256]",八幡平市(岩手県),8245,,無し,岩手県八幡平市清水
incineration_facility,葛巻町清掃センター,"[141.436569, 40.039818]",葛巻町(岩手県),1058,,無し,岩手県葛巻町
incineration_facility,軽米地区クリーンセンター,"[141.460327, 40.326687]",二戸地区広域行政事務組合(岩手県),0,休止,無し,岩手県九戸郡軽米町
incineration_facility,二戸地区クリーンセンター,"[141.30481, 40.271206]",二戸地区広域行政事務組合(岩手県),12966,,無し,岩手県二戸郡
incineration_facility,久慈地区ごみ焼却場,"[141.77565, 40.190449]",久慈広域連合(岩手県),16081,,無し,岩手県久慈市
incineration_facility,一関清掃センターごみ焼却施設,"[141.126648, 38.934711]",一関地区広域行政組合(岩手県),22105,,無し,岩手県一関市
incineration_facility,宮古清掃センター,"[141.946121, 39.639553]",宮古地区広域行政組合(岩手県),28178,,有り,岩手県宮古市
incineration_facility,岩手中部クリーンセンター,"[141.21257, 39.972569]",岩手中部広域行政組合(岩手県),55341,,無し,岩手県岩手郡
incineration_facility,岩手沿岸南部クリーンセンター,"[141.21257, 39.972569]",岩手沿岸南部広域環境組合(岩手県),27967,,無し,岩手県岩手郡
incineration_facility,滝沢清掃センター,"[141.170654, 38.900661]",滝沢・雫石環境組合(岩手県),23273,,有り,岩手県一関市滝沢清水尻
incineration_facility,雫石清掃センター,"[140.975739, 39.696255]",滝沢・雫石環境組合(岩手県),0,休止,無し,岩手県岩手郡雫石町
incineration_facility,今泉工場,"[140.928818, 38.214329]",仙台市(宮城県),82497,,無し,宮城県仙台市若林区今泉
incineration_facility,松森工場,"[140.913345, 38.308971]",仙台市(宮城県),133019.02,,無し,宮城県仙台市泉区松森
incineration_facility,塩竈市清掃工場,"[141.008209, 38.331158]",塩竈市(宮城県),20189,,無し,宮城県塩竈市清水沢
incineration_facility,気仙沼市ごみ焼却場,"[141.570068, 38.90807]",気仙沼市(宮城県),17237,,無し,宮城県気仙沼市
incineration_facility,登米市環境事業所クリーンセンター（新）,"[141.187683, 38.691895]",登米市(宮城県),19600,,無し,宮城県登米市
incineration_facility,栗原市クリーンセンター可燃ごみ処理施設,"[141.021271, 38.730076]",栗原市(宮城県),16681,,無し,宮城県栗原市
incineration_facility,亘理清掃センター,"[140.86792, 38.044262]",亘理名取共立衛生処理組合(宮城県),0,休止,無し,宮城県亘理郡
incineration_facility,岩沼東部環境センター,"[140.870193, 38.104275]",亘理名取共立衛生処理組合(宮城県),46721,,無し,宮城県岩沼市
incineration_facility,石巻広域クリーンセンター,"[141.302734, 38.43425]",石巻地区広域行政事務組合(宮城県),57734,,有り,宮城県石巻市
incineration_facility,大崎広域東部クリーンセンター,"[140.955612, 38.577103]",大崎地域広域行政事務組合(宮城県),23491,,無し,宮城県大崎市
incineration_facility,大崎広域西部加美クリーンセンター,"[140.955612, 38.577103]",大崎地域広域行政事務組合(宮城県),0,休止,無し,宮城県大崎市
incineration_facility,大崎広域西部玉造クリーンセンター,"[140.955612, 38.577103]",大崎地域広域行政事務組合(宮城県),5692.81,,無し,宮城県大崎市
incineration_facility,大崎広域中央クリーンセンター,"[140.955612, 38.577103]",大崎地域広域行政事務組合(宮城県),32043.13,,無し,宮城県大崎市
incineration_facility,秋田県県北地区広域汚泥資源化施設,"[140.102386, 39.718624]",秋田県(秋田県),6940,,有り,秋田県
incineration_facility,秋田市総合環境センター溶融施設,"[140.103516, 39.719959]",秋田市(秋田県),98176.84,,無し,秋田県秋田市
incineration_facility,大館クリーンセンター,"[140.565247, 40.271687]",大館市(秋田県),13785,,無し,秋田県大館市
incineration_facility,本荘清掃センター焼却施設,"[140.046494, 39.390785]",由利本荘市(秋田県),22923,,無し,秋田県由利本荘市本荘
incineration_facility,潟上市クリーンセンター,"[140.013046, 39.857227]",潟上市(秋田県),9953,,無し,秋田県潟上市
incineration_facility,北秋田市クリーンリサイクルセンター,"[140.370712, 40.226074]",北秋田市(秋田県),10945,,無し,秋田県北秋田市
incineration_facility,にかほ市環境プラザ,"[139.907806, 39.203003]",にかほ市(秋田県),7132,,無し,秋田県にかほ市
incineration_facility,湯沢雄勝クリーンセンター,"[140.495697, 39.164333]",湯沢雄勝広域市町村圏組合(秋田県),19685.44,,無し,秋田県湯沢市
incineration_facility,能代山本広域市町村圏組合南部清掃工場,"[140.027084, 40.211853]",能代山本広域市町村圏組合(秋田県),23109,,無し,秋田県能代市
incineration_facility,大曲仙北広域中央ごみ処理センター,"[140.494629, 39.44162]",大曲仙北広域市町村圏組合(秋田県),34335,,無し,秋田県大仙市大曲
incineration_facility,大曲仙北広域北部ごみ処理センター,"[140.494629, 39.44162]",大曲仙北広域市町村圏組合(秋田県),7792,,無し,秋田県大仙市大曲
incineration_facility,鹿角ごみ処理場　焼却場,"[140.788544, 40.215794]",鹿角広域行政組合(秋田県),11819,,無し,秋田県鹿角郡
incineration_facility,鶴岡市ごみ焼却施設,"[139.826675, 38.727219]",鶴岡市(山形県),38774,,無し,山形県鶴岡市
incineration_facility,東根市外二市一町共立衛生処理組合ごみ焼却処理施設,"[140.391129, 38.431381]",東根市外二市一町共立衛生処理組合(山形県),40244,,無し,山形県東根市
incineration_facility,最上広域市町村圏事務組合エコプラザもがみ,"[140.519363, 38.75853]",最上広域市町村圏事務組合(山形県),18590,,無し,山形県最上郡
incineration_facility,酒田地区広域行政組合ごみ焼却施設,"[139.836594, 38.914841]",酒田地区広域行政組合(山形県),43914,,無し,山形県酒田市
incineration_facility,尾花沢市大石田町環境衛生事業組合ごみ処理施設,"[140.406845, 38.601078]",尾花沢市大石田町環境衛生事業組合(山形県),5543,,無し,山形県尾花沢市
incineration_facility,郡山市富久山クリーンセンター,"[140.367905, 37.434044]",郡山市(福島県),74129.57,,有り,福島県郡山市富久山町八山田
incineration_facility,郡山市河内クリーンセンター,"[140.359741, 37.400555]",郡山市(福島県),61939,,有り,福島県郡山市
incineration_facility,伊達地方衛生処理組合清掃センターごみ焼却施設,"[140.562958, 37.819103]",伊達地方衛生処理組合(福島県),36603,,無し,福島県伊達郡
incineration_facility,須賀川地方衛生センターごみ処理施設,"[140.372574, 37.286934]",須賀川地方保健環境組合(福島県),28318,,無し,福島県須賀川市
incineration_facility,東白衛生組合東白クリーンセンターごみ処理施設,"[139.55574, 37.210133]",東白衛生組合(福島県),9127,,無し,福島県南会津町東
incineration_facility,石川地方ごみ焼却場,"[140.606689, 37.669933]",石川地方生活環境施設組合(福島県),9678,,無し,福島県川俣町石川
incineration_facility,田村西部環境センター,"[140.576324, 37.440639]",田村広域行政組合(福島県),11923,,無し,福島県田村郡
incineration_facility,田村東部環境センター,"[140.576324, 37.440639]",田村広域行政組合(福島県),5205,,無し,福島県田村郡
incineration_facility,田村西部環境センター,"[140.576324, 37.440639]",田村広域行政組合(福島県),0,休止,無し,福島県田村郡
incineration_facility,光陽クリーンセンター,"[140.931396, 37.83514]",相馬方部衛生組合(福島県),12567,,無し,福島県相馬市光陽
incineration_facility,双葉地方広域市町村圏組合北部衛生センター,"[140.959061, 37.437794]",双葉地方広域市町村圏組合(福島県),6631,,無し,福島県双葉郡
incineration_facility,双葉地方広域市町村圏組合南部衛生センター,"[140.959061, 37.437794]",双葉地方広域市町村圏組合(福島県),0,廃止,無し,福島県双葉郡
incineration_facility,水戸市清掃工場（ごみ焼却施設）,"[140.471588, 36.365852]",水戸市(茨城県),89888,,無し,茨城県水戸市
incineration_facility,日立市清掃センター,"[140.65062, 36.599152]",日立市(茨城県),54592,,無し,茨城県日立市
incineration_facility,土浦市清掃センター,"[140.204193, 36.078354]",土浦市(茨城県),38253,,無し,茨城県土浦市
incineration_facility,古河クリーンセンター,"[139.75502, 36.178242]",古河市(茨城県),14658,,無し,茨城県古河市
incineration_facility,笠間市環境センター,"[140.30426, 36.345196]",笠間市(茨城県),16227,,無し,茨城県笠間市
incineration_facility,牛久クリーンセンター,"[140.149597, 35.979355]",牛久市(茨城県),29829,,無し,茨城県牛久市
incineration_facility,潮来クリーンセンター,"[140.555405, 35.947117]",潮来市(茨城県),7904,,無し,茨城県潮来市
incineration_facility,行方市環境美化センターごみ焼却施設,"[140.489014, 35.990482]",行方市(茨城県),9033,,無し,茨城県行方市
incineration_facility,鉾田クリーンセンター,"[140.516403, 36.158607]",鉾田市(茨城県),8044,,無し,茨城県鉾田市
incineration_facility,城里町環境センター,"[140.376328, 36.47924]",城里町(茨城県),0,廃止,無し,茨城県城里町
incineration_facility,城里町環境センター,"[140.376328, 36.47924]",城里町(茨城県),5038,,無し,茨城県城里町
incineration_facility,大子町環境センター,"[140.355331, 36.768127]",大子町(茨城県),4799,,無し,茨城県久慈郡大子町
incineration_facility,阿見町霞クリーンセンター,"[140.215012, 36.03083]",阿見町(茨城県),15417,,無し,茨城県阿見町
incineration_facility,大洗、鉾田、水戸環境組合クリーンセンター,"[140.574875, 36.313343]",大洗、鉾田、水戸環境組合(茨城県),10606,,無し,茨城県大洗
incineration_facility,江戸崎地方衛生土木組合環境センター,"[140.318985, 35.960327]",江戸崎地方衛生土木組合(茨城県),20188,,無し,茨城県稲敷市江戸崎
incineration_facility,筑西広域市町村圏事務組合環境センター,"[139.979401, 36.305267]",筑西広域市町村圏事務組合(茨城県),61049,,無し,茨城県筑西市
incineration_facility,常総環境センターごみ焼却施設,"[139.993683, 36.023487]",常総地方広域市町村圏事務組合(茨城県),67600,,無し,茨城県常総市
incineration_facility,ひたちなか・東海クリーンセンター,"[140.534729, 36.39669]",ひたちなか・東海広域事務組合(茨城県),58244,,無し,茨城県ひたちなか市
incineration_facility,宇都宮市南清掃センター,"[139.863419, 36.563904]",宇都宮市(栃木県),0,廃止,無し,栃木県宇都宮市南一の沢町
incineration_facility,宇都宮市クリーンセンター　下田原,"[139.882599, 36.555115]",宇都宮市(栃木県),51596,,無し,栃木県宇都宮市
incineration_facility,足利市南部クリーンセンター,"[139.422699, 36.321087]",足利市(栃木県),47928,,有り,栃木県足利市南大町
incineration_facility,佐野市みかもクリーンセンター,"[139.578415, 36.314484]",佐野市(栃木県),24482,,無し,栃木県佐野市
incineration_facility,日光市クリーンセンター,"[139.697617, 36.720013]",日光市(栃木県),27219,,無し,栃木県日光市
incineration_facility,那須塩原クリーンセンター,"[140.046127, 36.961666]",那須塩原市(栃木県),34871,,無し,栃木県那須塩原市
incineration_facility,壬生町清掃センター焼却施設,"[139.814667, 36.442177]",壬生町(栃木県),8894,,無し,栃木県下都賀郡壬生町
incineration_facility,芳賀地区エコステーション,"[140.058197, 36.548256]",芳賀地区広域行政事務組合(栃木県),33580,,有り,栃木県芳賀郡
incineration_facility,小山広域保健衛生組合中央清掃センター160t焼却施設,"[139.800125, 36.314629]",小山広域保健衛生組合(栃木県),34878,,無し,栃木県小山市
incineration_facility,小山広域保健衛生組合中央清掃センター70t焼却施設,"[139.800125, 36.314629]",小山広域保健衛生組合(栃木県),19528.29,,無し,栃木県小山市
incineration_facility,前橋市亀泉清掃工場,"[139.125015, 36.400871]",前橋市(群馬県),0,休止,無し,群馬県前橋市亀泉町
incineration_facility,前橋市六供清掃工場,"[139.075806, 36.36874]",前橋市(群馬県),89239,,無し,群馬県前橋市六供町
incineration_facility,前橋市大胡クリーンセンター,"[139.159668, 36.410831]",前橋市(群馬県),0,休止,無し,群馬県前橋市大胡町
incineration_facility,桐生市清掃センターごみ焼却施設,"[139.325089, 36.40662]",桐生市(群馬県),62849,,無し,群馬県桐生市清瀬町
incineration_facility,伊勢崎市清掃リサイクルセンター21,"[139.196671, 36.311386]",伊勢崎市(群馬県),58712,,無し,群馬県伊勢崎市
incineration_facility,太田市清掃センター第4号焼却炉,"[139.386307, 36.345112]",太田市(群馬県),0,休止,無し,群馬県太田市清原町
incineration_facility,太田市清掃センター第3号焼却炉,"[139.386307, 36.345112]",太田市(群馬県),0,休止,無し,群馬県太田市清原町
incineration_facility,藤岡市清掃センター,"[139.074722, 36.25861]",藤岡市(群馬県),22631,,無し,群馬県藤岡市
incineration_facility,富岡市清掃センター,"[138.889709, 36.259785]",富岡市(群馬県),17518,,無し,群馬県富岡市
incineration_facility,草津町クリーンセンター,"[138.596115, 36.620556]",草津町(群馬県),3415,,無し,群馬県吾妻郡草津町
incineration_facility,玉村町クリーンセンター,"[139.115005, 36.304443]",玉村町(群馬県),10984,,無し,群馬県玉村町
incineration_facility,甘楽西部環境衛生施設組合清掃センター,"[138.921768, 36.243004]",甘楽西部環境衛生施設組合(群馬県),2023,,無し,群馬県甘楽郡
incineration_facility,渋川地区広域圏清掃センター,"[139.000565, 36.489445]",渋川地区広域市町村圏振興整備組合(群馬県),38461,,無し,群馬県渋川市
incineration_facility,清掃工場,"[137.665057916667, 34.6747419166667]",沼田市外二箇村清掃施設組合(群馬県),15834,,無し,清掃工場
incineration_facility,大泉町外二町清掃センター,"[139.404846, 36.247925]",大泉町外二町環境衛生施設組合(群馬県),0,廃止,無し,群馬県大泉町
incineration_facility,太田市外三町広域清掃組合クリーンプラザ,"[139.375504, 36.291157]",太田市外三町広域清掃組合(群馬県),90251,新設（新規稼働）,無し,群馬県太田市
incineration_facility,さいたま市クリーンセンター大崎第二工場,"[139.645676, 35.861683]",さいたま市(埼玉県),116544,,無し,埼玉県さいたま市
incineration_facility,さいたま市東部環境センター,"[139.645676, 35.861683]",さいたま市(埼玉県),61627,,無し,埼玉県さいたま市
incineration_facility,さいたま市西部環境センター,"[139.579727, 35.925198]",さいたま市(埼玉県),76761,,無し,埼玉県さいたま市西区
incineration_facility,さいたま市桜環境センター,"[139.610321, 35.856171]",さいたま市(埼玉県),113286,,無し,埼玉県さいたま市桜区
incineration_facility,川越市東清掃センター焼却施設,"[139.477036, 35.909462]",川越市(埼玉県),22044.91,,無し,埼玉県川越市東田町
incineration_facility,川越市資源化センター熱回収施設,"[139.485825, 35.925098]",川越市(埼玉県),66350.42,,無し,埼玉県川越市
incineration_facility,川口市戸塚環境センター西棟(4号炉),"[139.754181, 35.863064]",川口市(埼玉県),30099,,有り,埼玉県川口市戸塚
incineration_facility,川口市戸塚環境センター西棟(3号炉),"[139.754181, 35.863064]",川口市(埼玉県),28960,,有り,埼玉県川口市戸塚
incineration_facility,川口市朝日環境センター,"[139.745255, 35.806961]",川口市(埼玉県),91426,,有り,埼玉県川口市朝日
incineration_facility,所沢市西部クリーンセンターごみ焼却施設,"[139.407715, 35.804592]",所沢市(埼玉県),27066,,有り,埼玉県所沢市西狭山ケ丘
incineration_facility,所沢市東部クリーンセンターごみ焼却施設,"[139.423538, 35.812645]",所沢市(埼玉県),51503,,有り,埼玉県所沢市東狭山ケ丘
incineration_facility,飯能市クリーンセンター,"[139.327621, 35.855656]",飯能市(埼玉県),18199,,有り,埼玉県飯能市
incineration_facility,加須クリーンセンターごみ焼却施設,"[139.601944, 36.13139]",加須市(埼玉県),22184,,無し,埼玉県加須市
incineration_facility,東松山市クリーンセンター,"[139.400009, 36.042221]",東松山市(埼玉県),24488,,無し,埼玉県東松山市
incineration_facility,狭山市稲荷山環境センター(旧名称：　狭山市第二環境センター),"[139.397537, 35.847969]",狭山市(埼玉県),33514,,無し,埼玉県狭山市稲荷山
incineration_facility,羽生市清掃センター,"[139.548477, 36.172634]",羽生市(埼玉県),13750,,無し,埼玉県羽生市
incineration_facility,上尾市西貝塚環境センター,"[139.554123, 35.937237]",上尾市(埼玉県),52177.65,,無し,埼玉県上尾市西貝塚
incineration_facility,入間市総合クリーンセンター,"[139.391113, 35.835835]",入間市(埼玉県),35136,,無し,埼玉県入間市
incineration_facility,入間市清掃事業所,"[139.391113, 35.835835]",入間市(埼玉県),0,休止,無し,埼玉県入間市
incineration_facility,朝霞市クリーンセンター,"[139.593735, 35.797188]",朝霞市(埼玉県),28064.99,,無し,埼玉県朝霞市
incineration_facility,朝霞市クリーンセンター,"[139.593735, 35.797188]",朝霞市(埼玉県),0,休止,無し,埼玉県朝霞市
incineration_facility,和光市清掃センター,"[139.605835, 35.781387]",和光市(埼玉県),19597.59,,無し,埼玉県和光市
incineration_facility,桶川市ごみ焼却施設,"[139.55838, 36.002766]",桶川市(埼玉県),0,休止,無し,埼玉県桶川市
incineration_facility,坂戸市西清掃センター,"[139.382431, 35.965279]",坂戸市(埼玉県),21068,,無し,埼玉県坂戸市西インター
incineration_facility,坂戸市東清掃センター焼却施設,"[139.441193, 35.952766]",坂戸市(埼玉県),0,休止,無し,埼玉県坂戸市東坂戸
incineration_facility,ふじみ野市・三芳町環境センター,"[139.519516, 35.879272]",ふじみ野市(埼玉県),34029,,無し,埼玉県ふじみ野市
incineration_facility,伊奈町クリーンセンター,"[139.623947, 35.999958]",伊奈町(埼玉県),10756.89,,無し,埼玉県伊奈町
incineration_facility,川島町環境センターごみ処理施設,"[139.484238, 35.992493]",川島町(埼玉県),4836,,無し,埼玉県川島町
incineration_facility,杉戸町環境センター,"[139.736679, 36.025555]",杉戸町(埼玉県),20630,,無し,埼玉県杉戸町
incineration_facility,蓮田白岡衛生組合ごみ焼却施設,"[139.66214, 35.99435]",蓮田白岡衛生組合(埼玉県),27448,,有り,埼玉県蓮田市
incineration_facility,久喜宮代清掃センター75t／24hごみ処理施設(1号炉),"[139.666946, 36.062222]",久喜宮代衛生組合(埼玉県),11800,,無し,埼玉県久喜市
incineration_facility,久喜宮代清掃センター75t／24hごみ処理施設(2号炉),"[139.666946, 36.062222]",久喜宮代衛生組合(埼玉県),9187,,無し,埼玉県久喜市
incineration_facility,八甫清掃センターごみ焼却施設,"[139.69136, 36.09634]",久喜宮代衛生組合(埼玉県),15863,,無し,埼玉県久喜市八甫
incineration_facility,富士見環境センターごみ焼却施設,"[139.417603, 35.852367]",志木地区衛生組合(埼玉県),20293,,無し,埼玉県狭山市富士見
incineration_facility,新座環境センター東工場,"[139.565628, 35.793159]",志木地区衛生組合(埼玉県),23885,,無し,埼玉県新座市
incineration_facility,新座環境センター西工場,"[139.565628, 35.793159]",志木地区衛生組合(埼玉県),23707,,無し,埼玉県新座市
incineration_facility,小川地区衛生組合ごみ焼却場,"[139.261948, 36.056667]",小川地区衛生組合(埼玉県),14413,,無し,埼玉県小川
incineration_facility,蕨戸田衛生センターごみ処理施設,"[139.679764, 35.825577]",蕨戸田衛生センター組合(埼玉県),53018,,無し,埼玉県蕨市
incineration_facility,小針クリーンセンター,"[139.505051, 36.13332]",彩北広域清掃組合(埼玉県),31018,,無し,埼玉県行田市小針
incineration_facility,秩父広域市町村圏組合秩父クリーンセンター,"[139.085251, 35.991596]",秩父広域市町村圏組合(埼玉県),27586,,有り,埼玉県秩父郡
incineration_facility,高倉クリーンセンター,"[139.380203, 35.930305]",埼玉西部環境保全組合(埼玉県),32287,,無し,埼玉県鶴ヶ島市高倉
incineration_facility,埼玉西部クリーンセンター,"[139.496429, 36.117615]",埼玉西部環境保全組合(埼玉県),0,新設（建設中）,無し,埼玉県行田市埼玉
incineration_facility,大里広域市町村圏組合立熊谷衛生センター第一工場,"[139.784317, 35.919159]",大里広域市町村圏組合(埼玉県),34730,,無し,埼玉県越谷市大里
incineration_facility,大里広域市町村圏組合立熊谷衛生センター第二工場,"[139.784317, 35.919159]",大里広域市町村圏組合(埼玉県),38314,,無し,埼玉県越谷市大里
incineration_facility,大里広域市町村圏組合立深谷清掃センター,"[139.784317, 35.919159]",大里広域市町村圏組合(埼玉県),27030,,無し,埼玉県越谷市大里
incineration_facility,大里広域市町村圏組合立江南清掃センター,"[139.784317, 35.919159]",大里広域市町村圏組合(埼玉県),23019,,無し,埼玉県越谷市大里
incineration_facility,埼玉中部環境センター,"[139.496429, 36.117615]",埼玉中部環境保全組合(埼玉県),37606,,有り,埼玉県行田市埼玉
incineration_facility,北清掃工場,"[140.211273, 35.856236]",千葉市(千葉県),120792,,無し,千葉県栄町北
incineration_facility,新港清掃工場,"[140.092636, 35.610844]",千葉市(千葉県),105576,,無し,千葉県千葉市美浜区新港
incineration_facility,銚子市清掃センター(焼却施設),"[140.848953, 35.732414]",銚子市(千葉県),0,廃止,無し,千葉県銚子市清水町
incineration_facility,市川市クリーンセンター(ごみ焼却処理施設),"[139.931061, 35.721855]",市川市(千葉県),124966,,無し,千葉県市川市
incineration_facility,船橋市北部清掃工場,"[139.98204, 35.710369]",船橋市(千葉県),79882.85,,無し,千葉県船橋市北本町
incineration_facility,船橋市南部清掃工場,"[140.02269, 35.733475]",船橋市(千葉県),0,休止,無し,千葉県船橋市南三咲
incineration_facility,船橋市南部清掃工場,"[140.02269, 35.733475]",船橋市(千葉県),86893.25,,無し,千葉県船橋市南三咲
incineration_facility,館山市清掃センター,"[139.869965, 34.996559]",館山市(千葉県),16651,,無し,千葉県館山市
incineration_facility,松戸市和名ヶ谷クリーンセンター,"[139.925476, 35.777344]",松戸市(千葉県),82335,,有り,千葉県松戸市和名ケ谷
incineration_facility,野田市清掃工場,"[139.857178, 35.955612]",野田市(千葉県),23414,,有り,千葉県野田市清水
incineration_facility,成田富里いずみ清掃工場,"[140.318344, 35.776665]",成田市(千葉県),53304,,無し,千葉県成田市
incineration_facility,旭市クリーンセンター焼却施設,"[140.648178, 35.716034]",旭市(千葉県),,廃止,,千葉県旭市
incineration_facility,芝園清掃工場,"[140.019821, 35.661659]",習志野市(千葉県),54038.55,,有り,千葉県習志野市芝園
incineration_facility,柏市清掃工場,"[139.975937, 35.867508]",柏市(千葉県),67536,,無し,千葉県柏市
incineration_facility,柏市第二清掃工場,"[139.975937, 35.867508]",柏市(千葉県),39029,,無し,千葉県柏市
incineration_facility,勝浦市クリーンセンター,"[140.320923, 35.152233]",勝浦市(千葉県),5659,,無し,千葉県勝浦市
incineration_facility,市原市福増クリーンセンター第一工場,"[140.139389, 35.475063]",市原市(千葉県),27706.55,,無し,千葉県市原市福増
incineration_facility,市原市福増クリーンセンター第二工場,"[140.139389, 35.475063]",市原市(千葉県),51067.93,,無し,千葉県市原市福増
incineration_facility,流山市クリーンセンターごみ焼却施設,"[139.90274, 35.856285]",流山市(千葉県),42882,,無し,千葉県流山市
incineration_facility,八千代市清掃センター(3号炉),"[140.099731, 35.7225]",八千代市(千葉県),22249,,無し,千葉県八千代市
incineration_facility,八千代市清掃センター(1・2号炉),"[140.099731, 35.7225]",八千代市(千葉県),27512,,無し,千葉県八千代市
incineration_facility,我孫子市クリーンセンター(2号炉),"[140.028336, 35.864166]",我孫子市(千葉県),12720,,無し,千葉県我孫子市
incineration_facility,我孫子市クリーンセンター(1号炉),"[140.028336, 35.864166]",我孫子市(千葉県),16817,,無し,千葉県我孫子市
incineration_facility,我孫子市クリーンセンター,"[140.028336, 35.864166]",我孫子市(千葉県),0,新設（建設中）,,千葉県我孫子市
incineration_facility,鴨川清掃センター,"[140.098953, 35.114075]",鴨川市(千葉県),10935,,無し,千葉県鴨川市
incineration_facility,鎌ヶ谷市クリーンセンター,"[140.000839, 35.776943]",鎌ケ谷市(千葉県),0,,無し,千葉県鎌ケ谷市
incineration_facility,君津市清掃工場,"[139.990723, 35.259441]",君津市(千葉県),0,休止,無し,千葉県君津市清和市場
incineration_facility,浦安市クリーンセンター(ごみ処理施設),"[139.901978, 35.65316]",浦安市(千葉県),43607,,有り,千葉県浦安市
incineration_facility,四街道市クリーンセンターごみ焼却施設,"[140.167969, 35.669819]",四街道市(千葉県),22102,,無し,千葉県四街道市
incineration_facility,袖ヶ浦市クリーンセンターごみ焼却施設,"[139.954453, 35.429874]",袖ケ浦市(千葉県),0,休止,無し,千葉県袖ケ浦市
incineration_facility,八街市クリーンセンター,"[140.318008, 35.665878]",八街市(千葉県),18699,,無し,千葉県八街市
incineration_facility,いすみクリーンセンター,"[140.385284, 35.253887]",いすみ市(千葉県),8565,,無し,千葉県いすみ市
incineration_facility,御宿町清掃センター,"[140.348618, 35.191666]",御宿町(千葉県),6580,,無し,千葉県夷隅郡御宿町
incineration_facility,酒々井リサイクル文化センター焼却処理施設(AB系),"[140.269562, 35.724865]",佐倉市、酒々井町清掃組合(千葉県),11988,,無し,千葉県印旛郡酒々井町
incineration_facility,酒々井リサイクル文化センター焼却処理施設(C系),"[140.269562, 35.724865]",佐倉市、酒々井町清掃組合(千葉県),18310,,無し,千葉県印旛郡酒々井町
incineration_facility,酒々井リサイクル文化センター焼却処理施設(D系),"[140.269562, 35.724865]",佐倉市、酒々井町清掃組合(千葉県),20283,,無し,千葉県印旛郡酒々井町
incineration_facility,東金市外三市町環境クリーンセンター(焼却施設),"[140.366119, 35.559998]",東金市外三市町清掃組合(千葉県),41969,,無し,千葉県東金市
incineration_facility,東金市外三市町環境クリーンセンター(廃棄物再生利用施設),"[140.366119, 35.559998]",東金市外三市町清掃組合(千葉県),0,休止,無し,千葉県東金市
incineration_facility,匝瑳市ほか二町環境衛生組合松山清掃工場,"[140.564224, 35.707909]",匝瑳市ほか二町環境衛生組合(千葉県),0,廃止,無し,千葉県匝瑳市
incineration_facility,伊地山クリーンセンター,"[140.487717, 35.828018]",香取広域市町村圏事務組合(千葉県),21764,,無し,千葉県香取市伊地山
incineration_facility,東総地区クリーンセンター,"[140.037018, 35.100498]",東総地区広域市区町村圏事務組合(千葉県),53263,新設（新規稼働）,無し,千葉県鴨川市東
incineration_facility,印西クリーンセンター,"[140.145798, 35.832336]",印西地区環境整備事業組合(千葉県),46667,,無し,千葉県印西市
incineration_facility,八王子市戸吹清掃工場,"[139.2892, 35.707138]",八王子市(東京都),66877,,無し,東京都八王子市戸吹町
incineration_facility,八王子市北野清掃工場,"[139.355286, 35.626408]",八王子市(東京都),19750,,無し,東京都八王子市北野台
incineration_facility,立川市清掃工場,"[139.407776, 35.71389]",立川市(東京都),28704,,無し,東京都立川市
incineration_facility,立川市クリーンセンタ－（建設中）,"[139.407776, 35.71389]",立川市(東京都),0,新設（建設中）,無し,東京都立川市
incineration_facility,武蔵野クリーンセンター,"[139.376068, 35.72184]",武蔵野市(東京都),28631.13,,無し,東京都昭島市武蔵野
incineration_facility,昭島市清掃センター,"[139.353607, 35.705673]",昭島市(東京都),22665,,無し,東京都昭島市
incineration_facility,町田リサイクル文化センター,"[139.438644, 35.546604]",町田市(東京都),68157,廃止,無し,東京都町田市
incineration_facility,町田市バイオエネルギーセンター,"[139.438644, 35.546604]",町田市(東京都),18389,新設（建設中）, 新設（新規稼働）,東京都町田市
incineration_facility,日野市クリーンセンターごみ焼却施設,"[139.395004, 35.671391]",日野市(東京都),0,休止,無し,東京都日野市
incineration_facility,東村山市秋水園,"[139.493683, 35.773056]",東村山市(東京都),23518,,有り,東京都東村山市秋津町
incineration_facility,国分寺市清掃センター,"[139.463272, 35.71035]",国分寺市(東京都),0,休止,無し,東京都国分寺市
incineration_facility,利島村清掃センター,"[139.282074, 34.52943]",利島村(東京都),64,,無し,東京都利島村
incineration_facility,新島村清掃センター,"[139.256958, 34.377151]",新島村(東京都),1284,,無し,東京都新島村
incineration_facility,神津島村清掃センター,"[139.134521, 34.20549]",神津島村(東京都),900,,無し,東京都神津島村
incineration_facility,三宅村クリーンセンター,"[139.479721, 34.075832]",三宅村(東京都),1314,,無し,東京都三宅島三宅村
incineration_facility,御蔵島じん芥処理施設,"[139.595917, 33.897301]",御蔵島村(東京都),210,能力変更,有り,東京都御蔵島村
incineration_facility,八丈町クリーンセンター,"[139.789062, 33.112785]",八丈町(東京都),2844,,無し,東京都八丈島八丈町
incineration_facility,父島クリーンセンター,"[142.20961, 27.071243]",小笠原村(東京都),700,,有り,東京都小笠原村父島
incineration_facility,西多摩衛生組合環境センター,"[139.43663, 35.689213]",西多摩衛生組合(東京都),63743,,無し,東京都国立市西
incineration_facility,西秋川衛生組合高尾清掃センター　熱回収施設(焼却施設),"[139.43663, 35.689213]",西秋川衛生組合(東京都),27562,,無し,東京都国立市西
incineration_facility,多摩清掃工場,"[139.446396, 35.636944]",多摩ニュータウン環境組合(東京都),56179,,無し,東京都多摩市
incineration_facility,東京二十三区清掃一部事務組合大田清掃工場第一工場,"[139.449585, 35.693478]",東京二十三区清掃一部事務組合(東京都),47936.91,,無し,東京都国立市東
incineration_facility,東京二十三区清掃一部事務組合有明清掃工場,"[139.449585, 35.693478]",東京二十三区清掃一部事務組合(東京都),108267.94,,無し,東京都国立市東
incineration_facility,東京二十三区清掃一部事務組合墨田清掃工場,"[139.449585, 35.693478]",東京二十三区清掃一部事務組合(東京都),129889.67,,無し,東京都国立市東
incineration_facility,東京二十三区清掃一部事務組合千歳清掃工場,"[139.449585, 35.693478]",東京二十三区清掃一部事務組合(東京都),117073.1,,無し,東京都国立市東
incineration_facility,東京二十三区清掃一部事務組合杉並清掃工場,"[139.449585, 35.693478]",東京二十三区清掃一部事務組合(東京都),167715.72,,無し,東京都国立市東
incineration_facility,東京二十三区清掃一部事務組合新江東清掃工場,"[139.449585, 35.693478]",東京二十三区清掃一部事務組合(東京都),348473.16,,無し,東京都国立市東
incineration_facility,東京二十三区清掃一部事務組合港清掃工場,"[139.449585, 35.693478]",東京二十三区清掃一部事務組合(東京都),160323.05,,無し,東京都国立市東
incineration_facility,東京二十三区清掃一部事務組合練馬清掃工場,"[139.449585, 35.693478]",東京二十三区清掃一部事務組合(東京都),141219.34,,無し,東京都国立市東
incineration_facility,東京二十三区清掃一部事務組合豊島清掃工場,"[139.449585, 35.693478]",東京二十三区清掃一部事務組合(東京都),77615.38,,無し,東京都国立市東
incineration_facility,東京二十三区清掃一部事務組合北清掃工場,"[139.449585, 35.693478]",東京二十三区清掃一部事務組合(東京都),126388.2,,無し,東京都国立市東
incineration_facility,東京二十三区清掃一部事務組合渋谷清掃工場,"[139.449585, 35.693478]",東京二十三区清掃一部事務組合(東京都),48548.03,,無し,東京都国立市東
incineration_facility,東京二十三区清掃一部事務組合中央清掃工場,"[139.449585, 35.693478]",東京二十三区清掃一部事務組合(東京都),111193.41,,無し,東京都国立市東
incineration_facility,東京二十三区清掃一部事務組合板橋清掃工場,"[139.449585, 35.693478]",東京二十三区清掃一部事務組合(東京都),127297.39,,無し,東京都国立市東
incineration_facility,東京二十三区清掃一部事務組合多摩川清掃工場,"[139.449585, 35.693478]",東京二十三区清掃一部事務組合(東京都),68023.03,,無し,東京都国立市東
incineration_facility,東京二十三区清掃一部事務組合足立清掃工場,"[139.449585, 35.693478]",東京二十三区清掃一部事務組合(東京都),143942.79,,無し,東京都国立市東
incineration_facility,東京二十三区清掃一部事務組合世田谷清掃工場,"[139.449585, 35.693478]",東京二十三区清掃一部事務組合(東京都),71906.77,,無し,東京都国立市東
incineration_facility,東京二十三区清掃一部事務組合葛飾清掃工場,"[139.449585, 35.693478]",東京二十三区清掃一部事務組合(東京都),127211.81,,無し,東京都国立市東
incineration_facility,東京二十三区清掃一部事務組合品川清掃工場,"[139.449585, 35.693478]",東京二十三区清掃一部事務組合(東京都),131847.33,,無し,東京都国立市東
incineration_facility,東京二十三区清掃一部事務組合破砕ごみ処理施設,"[139.449585, 35.693478]",東京二十三区清掃一部事務組合(東京都),0,休止,無し,東京都国立市東
incineration_facility,東京二十三区清掃一部事務組合大田清掃工場,"[139.449585, 35.693478]",東京二十三区清掃一部事務組合(東京都),179023.81,,無し,東京都国立市東
incineration_facility,東京二十三区清掃一部事務組合　中防灰溶融施設,"[139.449585, 35.693478]",東京二十三区清掃一部事務組合(東京都),0,,無し,東京都国立市東
incineration_facility,東京二十三区清掃一部事務組合目黒清掃工場,"[139.449585, 35.693478]",東京二十三区清掃一部事務組合(東京都),0,新設（建設中）,無し,東京都国立市東
incineration_facility,東京二十三区清掃一部事務組合光が丘清掃工場,"[139.449585, 35.693478]",東京二十三区清掃一部事務組合(東京都),86645.34,,無し,東京都国立市東
incineration_facility,堤根処理センター,"[139.688583, 35.524994]",川崎市(神奈川県),65727,,無し,神奈川県川崎市川崎区堤根
incineration_facility,王禅寺処理センター,"[139.522263, 35.586147]",川崎市(神奈川県),106566,,無し,神奈川県川崎市麻生区王禅寺
incineration_facility,南清掃工場,"[139.627533, 35.434429]",相模原市(神奈川県),118267,,無し,神奈川県横浜市南区
incineration_facility,横須賀ごみ処理施設,"[139.672226, 35.281467]",横須賀市(神奈川県),95894,,無し,神奈川県横須賀市
incineration_facility,鎌倉市名越クリーンセンター,"[139.546936, 35.319225]",鎌倉市(神奈川県),28483,,無し,神奈川県鎌倉市
incineration_facility,藤沢市北部環境事業所,"[139.491241, 35.338879]",藤沢市(神奈川県),38572,,無し,神奈川県藤沢市
incineration_facility,藤沢市石名坂環境事業所,"[139.450394, 35.374363]",藤沢市(神奈川県),53120.72,,無し,神奈川県藤沢市石川
incineration_facility,小田原市清掃工場,"[139.143311, 35.28828]",小田原市(神奈川県),14286,,無し,神奈川県小田原市清水新田
incineration_facility,小田原市清掃工場,"[139.143311, 35.28828]",小田原市(神奈川県),33924,,無し,神奈川県小田原市清水新田
incineration_facility,茅ヶ崎市ごみ焼却処理施設,"[139.403687, 35.333874]",茅ヶ崎市(神奈川県),66164,,無し,神奈川県茅ヶ崎市
incineration_facility,逗子市清掃センターじん芥処理場,"[139.580429, 35.295574]",逗子市(神奈川県),16311,,無し,神奈川県逗子市
incineration_facility,厚木市環境センター,"[139.362503, 35.443054]",厚木市(神奈川県),61349,,無し,神奈川県厚木市
incineration_facility,大和市環境管理センター,"[139.458054, 35.487499]",大和市(神奈川県),53604,,無し,神奈川県大和市
incineration_facility,南足柄市清掃工場,"[139.100006, 35.320557]",南足柄市(神奈川県),9046,,無し,神奈川県南足柄市
incineration_facility,葉山町クリ-ンセンタ-,"[139.586166, 35.272079]",葉山町(神奈川県),0,休止,無し,神奈川県三浦郡葉山町
incineration_facility,箱根町環境センター清掃第1プラントごみ処理施設,"[139.106949, 35.232388]",箱根町(神奈川県),11432,,無し,神奈川県足柄下郡箱根町
incineration_facility,愛川町美化プラント,"[139.321671, 35.528889]",愛川町(神奈川県),0,休止,無し,神奈川県愛甲郡愛川町
incineration_facility,伊勢原清掃工場,"[139.314987, 35.40295]",秦野市伊勢原市環境衛生組合(神奈川県),8380,,無し,神奈川県伊勢原市
incineration_facility,湯河原町真鶴町衛生組合湯河原美化センター,"[139.108337, 35.147778]",湯河原町真鶴町衛生組合(神奈川県),13126,,無し,神奈川県足柄下郡湯河原町
incineration_facility,大井美化センター,"[139.156387, 35.326668]",足柄東部清掃組合(神奈川県),9119,,無し,神奈川県足柄上郡大井町
incineration_facility,新潟市亀田清掃センター,"[139.036545, 37.916077]",新潟市(新潟県),96568,,無し,新潟県新潟市
incineration_facility,新潟市鎧潟クリーンセンター,"[139.036545, 37.916077]",新潟市(新潟県),17449,,無し,新潟県新潟市
incineration_facility,新潟市新田清掃センター焼却施設,"[139.036545, 37.916077]",新潟市(新潟県),89221.9,,有り,新潟県新潟市
incineration_facility,寿クリーンセンターごみ焼却施設,"[138.853394, 37.474751]",長岡市(新潟県),32575,,有り,新潟県長岡市寿
incineration_facility,鳥越クリーンセンターごみ焼却施設,"[138.747681, 37.474976]",長岡市(新潟県),22953,,有り,新潟県長岡市鳥越
incineration_facility,三条市清掃センター流動床式ガス化溶融炉,"[138.96167, 37.636387]",三条市(新潟県),32363,,有り,新潟県三条市
incineration_facility,時水清掃工場,"[138.76326, 37.301304]",小千谷市(新潟県),11902,,無し,新潟県小千谷市時水
incineration_facility,見附市清掃センター,"[138.912781, 37.531593]",見附市(新潟県),10468,,無し,新潟県見附市
incineration_facility,村上市ごみ処理場(エコパークむらかみ),"[139.480011, 38.224163]",村上市(新潟県),24315,,有り,新潟県村上市
incineration_facility,糸魚川市清掃センターごみ処理施設,"[137.860199, 37.038052]",糸魚川市(新潟県),12268,,無し,新潟県糸魚川市清崎
incineration_facility,妙高クリーンセンター,"[138.253342, 37.025269]",妙高市(新潟県),9315,,無し,新潟県妙高市
incineration_facility,上越市クリーンセンター,"[138.236099, 37.147865]",上越市(新潟県),49740,,無し,新潟県上越市
incineration_facility,阿賀野市環境センター,"[139.225952, 37.834469]",阿賀野市(新潟県),8871,,有り,新潟県阿賀野市
incineration_facility,佐渡クリーンセンターごみ焼却施設,"[138.951431, 37.660755]",佐渡市(新潟県),15981,,無し,新潟県燕市佐渡
incineration_facility,阿賀町クリーンセンター,"[139.458771, 37.675606]",阿賀町(新潟県),3167,能力変更,有り,新潟県阿賀町
incineration_facility,粟島浦村ごみ焼却処理施設,"[139.25441, 38.468304]",粟島浦村(新潟県),47,,無し,新潟県粟島浦村
incineration_facility,津南地域衛生施設組合ごみ処理場,"[138.652496, 37.014168]",津南地域衛生施設組合(新潟県),3298,,有り,新潟県中魚沼郡津南町
incineration_facility,燕・弥彦総合事務組合環境センター(流動床炉),"[138.882095, 37.673161]",燕・弥彦総合事務組合(新潟県),11493,,無し,新潟県燕市
incineration_facility,燕・弥彦総合事務組合・環境センター(ストーカ炉),"[138.882095, 37.673161]",燕・弥彦総合事務組合(新潟県),13893,,無し,新潟県燕市
incineration_facility,中条地区塵芥焼却場,"[139.393021, 38.044724]",新発田地域広域事務組合(新潟県),18100,,無し,新潟県胎内市中条
incineration_facility,新発田広域クリーンセンター,"[139.327103, 37.947952]",新発田地域広域事務組合(新潟県),25050.67,,無し,新潟県新発田市
incineration_facility,射水市クリーンピア射水,"[137.075394, 36.730549]",射水市(富山県),27830,,無し,富山県射水市
incineration_facility,富山地区広域圏クリーンセンター,"[137.213715, 36.695904]",富山地区広域圏事務組合(富山県),154434,,無し,富山県富山市
incineration_facility,高岡広域エコ・クリーンセンター,"[137.025711, 36.754074]",高岡地区広域圏事務組合(富山県),65878,,無し,富山県高岡市
incineration_facility,西部環境エネルギーセンター,"[136.919586, 36.992481]",金沢市(石川県),86103.59,,有り,石川県中能登町西
incineration_facility,輪島クリーンセンター焼却処理施設,"[136.89917, 37.390553]",輪島市(石川県),4872,,無し,石川県輪島市
incineration_facility,加賀市環境美化センター加賀ごみ処理施設,"[136.315002, 36.302776]",加賀市(石川県),19087,,無し,石川県加賀市
incineration_facility,加賀市環境美化センター山中美化センター,"[136.315002, 36.302776]",加賀市(石川県),0,休止,無し,石川県加賀市
incineration_facility,能美市美化センター,"[136.554169, 36.446991]",能美市(石川県),13559,能力変更,無し,石川県能美市
incineration_facility,内浦クリーンセンター,"[136.924301, 37.223316]",能登町(石川県),0,廃止,無し,石川県穴水町字内浦
incineration_facility,敦賀市清掃センター,"[136.076767, 35.651669]",敦賀市(福井県),21563.06,,無し,福井県敦賀市清水町
incineration_facility,小浜市クリーンセンター,"[135.746674, 35.495556]",小浜市(福井県),14284,,無し,福井県小浜市
incineration_facility,大野・勝山地区広域行政事務組合ごみ処理施設,"[136.487473, 35.979816]",大野・勝山地区広域行政事務組合(福井県),17380,,有り,福井県大野郡
incineration_facility,鯖江広域衛生施設組合　鯖江クリーンセンター　ごみ焼却施設,"[136.184448, 35.956665]",鯖江広域衛生施設組合(福井県),25454,,有り,福井県鯖江市
incineration_facility,富士吉田市環境美化センターごみ処理施設,"[138.807861, 35.487507]",富士吉田市(山梨県),29724,,無し,山梨県富士吉田市
incineration_facility,上野原市クリーンセンターごみ焼却施設,"[139.108612, 35.63028]",上野原市(山梨県),4224,,無し,山梨県上野原市
incineration_facility,山中湖村クリーンセンターごみ焼却施設,"[138.861084, 35.410591]",山中湖村(山梨県),3627,,無し,山梨県山中湖村
incineration_facility,甲府・峡東クリーンセンター(エネルギー棟),"[138.568298, 35.662231]",甲府・峡東地域ごみ処理施設事務組合(山梨県),98674,,無し,山梨県甲府市
incineration_facility,小海町草刈久保焼却施設,"[138.483612, 36.095001]",小海町(長野県),0,休止,無し,長野県小海町
incineration_facility,川上村営ゴミ処理場,"[138.578354, 35.975445]",川上村(長野県),39,廃止,無し,長野県川上村
incineration_facility,川上村・南牧村共同焼却炉,"[138.578354, 35.975445]",川上村(長野県),434,,無し,長野県川上村
incineration_facility,佐久平クリーンセンター,"[138.476944, 36.24889]",佐久市・北佐久郡環境施設組合(長野県),29019,,無し,長野県佐久市
incineration_facility,諏訪湖周クリーンセンター,"[138.114166, 36.039165]",湖周行政事務組合(長野県),27269,,無し,長野県諏訪郡
incineration_facility,穂高クリーンセンターごみ焼却施設,"[137.879013, 36.332363]",穂高広域施設組合(長野県),32962,,無し,長野県安曇野市穂高
incineration_facility,穂高クリーンセンターごみ焼却施設,"[137.879013, 36.332363]",穂高広域施設組合(長野県),0,廃止,無し,長野県安曇野市穂高
incineration_facility,大町市環境プラント,"[137.850922, 36.502983]",北アルプス広域連合(長野県),0,廃止, 移管,長野県大町市
incineration_facility,木曽クリーンセンター,"[137.691666, 35.842499]",木曽広域連合(長野県),5284,,無し,長野県木曽郡
incineration_facility,稲葉クリーンセンター,"[138.207947, 36.633194]",南信州広域連合(長野県),28899,,無し,長野県長野市稲葉
incineration_facility,上伊那クリーンセンター,"[138.377625, 36.126217]",上伊那広域連合(長野県),32929,,無し,長野県佐久穂町上
incineration_facility,上田地域広域連合上田クリーンセンター,"[138.248672, 36.401978]",上田地域広域連合(長野県),29225,,無し,長野県上田市
incineration_facility,上田地域広域連合丸子クリーンセンター,"[138.248672, 36.401978]",上田地域広域連合(長野県),6050,,無し,長野県上田市
incineration_facility,上田地域広域連合東部クリーンセンター,"[138.248672, 36.401978]",上田地域広域連合(長野県),3724,,無し,長野県上田市
incineration_facility,東山クリーンセンター,"[138.380371, 36.744865]",北信保健衛生施設組合(長野県),17291,,無し,長野県中野市東山
incineration_facility,松本クリーンセンター(可燃処理施設),"[137.971954, 36.238056]",松塩地区広域施設組合(長野県),94983,,無し,長野県松本市
incineration_facility,諏訪南行政事務組合諏訪南清掃センター,"[138.114166, 36.039165]",諏訪南行政事務組合(長野県),20568,,無し,長野県諏訪郡
incineration_facility,掛洞プラント,"[136.72374, 35.551998]",岐阜市(岐阜県),19059,,無し,岐阜県山県市掛
incineration_facility,大垣市クリーンセンター,"[136.612793, 35.35989]",大垣市(岐阜県),44996,,有り,岐阜県大垣市
incineration_facility,高山市資源リサイクルセンター焼却施設,"[137.252243, 36.146049]",高山市(岐阜県),19829.2,,有り,岐阜県高山市
incineration_facility,高山市久々野クリーンセンター焼却施設,"[137.325134, 36.003368]",高山市(岐阜県),1485.1,,無し,岐阜県高山市久々野町阿多粕
incineration_facility,多治見市三の倉センター,"[137.076996, 35.311054]",多治見市(岐阜県),46410,,有り,岐阜県多治見市三の倉町西洞
incineration_facility,多治見市笠原クリーンセンター焼却施設,"[137.160492, 35.293427]",多治見市(岐阜県),0,休止,無し,岐阜県多治見市笠原町
incineration_facility,中津川市環境センター,"[137.500549, 35.487499]",中津川市(岐阜県),24007,,有り,岐阜県中津川市
incineration_facility,瑞浪市クリーンセンター,"[137.254608, 35.361736]",瑞浪市(岐阜県),10115,,有り,岐阜県瑞浪市
incineration_facility,恵那市恵南クリーンセンターあおぞら,"[137.412827, 35.449322]",恵那市(岐阜県),0,休止,無し,岐阜県恵那市
incineration_facility,土岐市環境センター,"[137.182999, 35.352261]",土岐市(岐阜県),15360,,有り,岐阜県土岐市
incineration_facility,各務原市北清掃センター,"[136.84848, 35.398621]",各務原市(岐阜県),40877,,有り,岐阜県各務原市
incineration_facility,山県市クリーンセンター,"[136.781387, 35.506111]",山県市(岐阜県),7215,,無し,岐阜県山県市
incineration_facility,飛騨市クリーンセンター,"[137.186111, 36.238331]",飛騨市(岐阜県),5334,,有り,岐阜県飛騨市
incineration_facility,郡上クリーンセンター,"[136.964447, 35.748611]",郡上市(岐阜県),10594,,有り,岐阜県郡上郡
incineration_facility,下呂市クリーンセンター,"[137.244171, 35.805832]",下呂市(岐阜県),10666,,有り,岐阜県下呂市
incineration_facility,垂井町クリーンセンター,"[136.537964, 35.366249]",垂井町(岐阜県),7923,,有り,岐阜県垂井町
incineration_facility,西ケ谷清掃工場,"[138.347183, 35.00914]",静岡市(静岡県),115250,,無し,静岡県静岡市葵区西ヶ谷
incineration_facility,浜松市南部清掃工場,"[137.752289, 34.667278]",浜松市(静岡県),122531,,無し,静岡県浜松市南区
incineration_facility,浜松市浜北清掃センター(90t),"[137.783157, 34.791546]",浜松市(静岡県),0,休止,無し,静岡県浜松市浜北区
incineration_facility,浜松市浜北清掃センター(40t),"[137.783157, 34.791546]",浜松市(静岡県),0,休止,無し,静岡県浜松市浜北区
incineration_facility,浜松市天竜ごみ処理工場,"[137.816116, 34.87278]",浜松市(静岡県),0,休止,無し,静岡県浜松市天竜区
incineration_facility,浜松市はるのクリーンセンター,"[137.726303, 34.710808]",浜松市(静岡県),0,休止,無し,静岡県浜松市
incineration_facility,浜松市水窪・佐久間クリーンセンター,"[137.726303, 34.710808]",浜松市(静岡県),0,休止,無し,静岡県浜松市
incineration_facility,浜松市西部清掃工場,"[137.645279, 34.69278]",浜松市(静岡県),112642,,有り,静岡県浜松市西区
incineration_facility,沼津市清掃プラント,"[138.863617, 35.095554]",沼津市(静岡県),54314,,無し,静岡県沼津市
incineration_facility,熱海市エコ・プラント姫の沢,"[139.071747, 35.096352]",熱海市(静岡県),20525,,有り,静岡県熱海市
incineration_facility,熱海市初島清掃工場廃棄物焼却炉,"[139.171539, 35.040001]",熱海市(静岡県),99,,無し,静岡県熱海市初島
incineration_facility,三島市ごみ処理施設,"[138.918564, 35.118507]",三島市(静岡県),26930,,無し,静岡県三島市
incineration_facility,富士宮市清掃センター,"[138.621613, 35.221977]",富士宮市(静岡県),36832,,無し,静岡県富士宮市
incineration_facility,伊東市環境美化センター,"[139.101944, 34.965832]",伊東市(静岡県),29282,,有り,静岡県伊東市
incineration_facility,田代環境プラザ,"[138.966721, 34.965317]",島田市(静岡県),30331,,無し,静岡県伊豆市田代
incineration_facility,磐田市クリーンセンター(3号炉・4号炉),"[137.851532, 34.717903]",磐田市(静岡県),40030,,無し,静岡県磐田市
incineration_facility,下田市営じん芥処理場,"[138.945343, 34.679543]",下田市(静岡県),7920,,無し,静岡県下田市
incineration_facility,裾野市美化センター,"[138.906662, 35.173889]",裾野市(静岡県),12951,,無し,静岡県裾野市
incineration_facility,湖西市環境センター,"[137.531647, 34.718472]",湖西市(静岡県),0,休止,無し,静岡県湖西市
incineration_facility,伊豆市清掃センターごみ焼却施設,"[138.946732, 34.97657]",伊豆市(静岡県),6386,,無し,静岡県伊豆市
incineration_facility,長岡清掃センター,"[138.926193, 35.034859]",伊豆の国市(静岡県),8325,,無し,静岡県伊豆の国市長岡
incineration_facility,大仁清掃センター,"[138.940216, 34.994087]",伊豆の国市(静岡県),0,休止,無し,静岡県伊豆の国市大仁
incineration_facility,南伊豆町清掃センター,"[138.858444, 34.651314]",南伊豆町(静岡県),2846,,無し,静岡県賀茂郡南伊豆町
incineration_facility,西伊豆町クリーンセンター,"[138.775284, 34.771667]",西伊豆町(静岡県),2730,,無し,静岡県賀茂郡西伊豆町
incineration_facility,函南町ごみ焼却場,"[138.953339, 35.08889]",函南町(静岡県),15417,,無し,静岡県田方郡函南町
incineration_facility,長泉町塵芥焼却場,"[138.897171, 35.137657]",長泉町(静岡県),7814,,無し,静岡県駿東郡長泉町
incineration_facility,牧之原市御前崎市広域施設組合環境保全センター,"[138.224655, 34.740009]",牧之原市御前崎市広域施設組合(静岡県),12827,,無し,静岡県牧之原市
incineration_facility,土肥戸田衛生センター,"[138.814987, 34.902409]",伊豆市沼津市衛生施設組合(静岡県),2556.25,,無し,静岡県伊豆市土肥
incineration_facility,中遠クリーンセンター,"[138.985779, 35.046272]",袋井市森町広域行政組合(静岡県),33347,,無し,静岡県伊豆の国市中
incineration_facility,一色清掃工場,"[138.804733, 34.795036]",志太広域事務組合(静岡県),15962,,無し,静岡県西伊豆町一色
incineration_facility,高柳清掃工場,"[138.275131, 34.847706]",志太広域事務組合(静岡県),44165,,無し,静岡県藤枝市高柳
incineration_facility,名古屋市猪子石工場,"[136.90657, 35.181438]",名古屋市(愛知県),132521.51,,無し,愛知県名古屋市
incineration_facility,名古屋市南陽工場,"[136.931107, 35.095001]",名古屋市(愛知県),0,休止,無し,愛知県名古屋市南区
incineration_facility,名古屋市富田工場,"[136.90657, 35.181438]",名古屋市(愛知県),112504,,無し,愛知県名古屋市
incineration_facility,名古屋市五条川工場,"[136.90657, 35.181438]",名古屋市(愛知県),94848.36,,無し,愛知県名古屋市
incineration_facility,名古屋市鳴海工場,"[136.90657, 35.181438]",名古屋市(愛知県),132160.28,,無し,愛知県名古屋市
incineration_facility,名古屋市北名古屋工場,"[136.911667, 35.194168]",名古屋市(愛知県),168922,,無し,愛知県名古屋市北区
incineration_facility,豊橋市資源化センター(焼却施設3号炉),"[137.391388, 34.769169]",豊橋市(愛知県),26536,,有り,愛知県豊橋市
incineration_facility,豊橋市資源化センター(焼却施設1・2号炉),"[137.391388, 34.769169]",豊橋市(愛知県),86013,,無し,愛知県豊橋市
incineration_facility,岡崎市旧中央クリーンセンターごみ焼却施設(リサイクルプラザ内),"[137.173065, 34.954803]",岡崎市(愛知県),0,休止,無し,愛知県岡崎市
incineration_facility,岡崎市八帖クリーンセンターごみ焼却施設2号炉,"[137.150909, 34.957607]",岡崎市(愛知県),0,休止,無し,愛知県岡崎市八帖町
incineration_facility,岡崎市八帖クリーンセンターごみ焼却施設1号炉,"[137.150909, 34.957607]",岡崎市(愛知県),29972,,無し,愛知県岡崎市八帖町
incineration_facility,岡崎市中央クリーンセンター　ガス化溶融施設,"[137.129242, 34.92701]",岡崎市(愛知県),97325.55,,無し,愛知県岡崎市中之郷町
incineration_facility,一宮市環境センター,"[136.802979, 35.303837]",一宮市(愛知県),102306.25,,無し,愛知県一宮市
incineration_facility,半田市クリーンセンター,"[136.938004, 34.891808]",半田市(愛知県),25323,,無し,愛知県半田市
incineration_facility,春日井市クリーンセンター1、2号炉,"[136.972229, 35.247501]",春日井市(愛知県),2826.03,,無し,愛知県春日井市
incineration_facility,春日井市クリーンセンター3、4号炉,"[136.972229, 35.247501]",春日井市(愛知県),77123.81,,無し,愛知県春日井市
incineration_facility,豊川市清掃工場(1、3号炉),"[137.375839, 34.826942]",豊川市(愛知県),27564,,無し,愛知県豊川市
incineration_facility,豊川市清掃工場(5、6号炉),"[137.375839, 34.826942]",豊川市(愛知県),34363,,無し,愛知県豊川市
incineration_facility,安城市環境クリーンセンター,"[137.080276, 34.958614]",安城市(愛知県),51527,,無し,愛知県安城市
incineration_facility,西尾市クリーンセンター(ごみ焼却施設),"[137.061951, 34.861942]",西尾市(愛知県),54052,,無し,愛知県西尾市
incineration_facility,蒲郡市クリーンセンター,"[137.219727, 34.826389]",蒲郡市(愛知県),25091,,有り,愛知県蒲郡市
incineration_facility,犬山市都市美化センター,"[136.944427, 35.378441]",犬山市(愛知県),17425,,無し,愛知県犬山市
incineration_facility,稲沢市環境センター,"[136.780273, 35.248055]",稲沢市(愛知県),33984,,無し,愛知県稲沢市
incineration_facility,新城市クリーンセンター,"[137.497757, 34.89893]",新城市(愛知県),12007,,無し,愛知県新城市
incineration_facility,東海市清掃センター,"[136.902328, 35.022957]",東海市(愛知県),31628,,無し,愛知県東海市
incineration_facility,知多市清掃センター,"[136.874832, 34.98896]",知多市(愛知県),19902,,無し,愛知県知多市清水が丘
incineration_facility,田原リサイクルセンター炭生館,"[137.263596, 34.669041]",田原市(愛知県),15475,,無し,愛知県田原市
incineration_facility,常滑武豊衛生組合クリーンセンターごみ処理施設,"[136.854477, 34.896088]",常滑武豊衛生組合(愛知県),22117,廃止,無し,愛知県常滑市
incineration_facility,小牧岩倉衛生組合環境センターごみ溶融施設,"[136.910995, 35.29044]",小牧岩倉衛生組合(愛知県),44388,,無し,愛知県小牧市
incineration_facility,知多南部クリーンセンター(ごみ処理施設),"[136.864761, 34.996532]",知多南部衛生組合(愛知県),9155,,無し,愛知県知多郡
incineration_facility,刈谷知立環境組合クリーンセンター,"[137.002304, 34.989376]",刈谷知立環境組合(愛知県),61127,,無し,愛知県刈谷市
incineration_facility,江南丹羽環境管理組合環境美化センター　ごみ焼却処理施設,"[136.870773, 35.332081]",江南丹羽環境管理組合(愛知県),31220,,無し,愛知県江南市
incineration_facility,知多南部広域環境センター,"[136.864761, 34.996532]",知多南部広域環境組合(愛知県),13596,新設（建設中）, 新設（新規稼働）,愛知県知多郡
incineration_facility,津市西部クリーンセンター(1号炉),"[136.50444, 34.700497]",津市(三重県),23314,,無し,三重県津市西阿漕町岩田
incineration_facility,津市西部クリーンセンター(2号炉),"[136.50444, 34.700497]",津市(三重県),27881,,無し,三重県津市西阿漕町岩田
incineration_facility,津市クリーンセンターおおたか,"[136.505676, 34.718613]",津市(三重県),36966,,無し,三重県津市
incineration_facility,四日市市クリーンセンター,"[136.624451, 34.965118]",四日市市(三重県),97273,,無し,三重県四日市市
incineration_facility,松阪市クリーンセンター,"[136.527618, 34.577972]",松阪市(三重県),49371,,無し,三重県松阪市
incineration_facility,鈴鹿市清掃センター,"[136.584213, 34.881855]",鈴鹿市(三重県),59963,,無し,三重県鈴鹿市
incineration_facility,尾鷲市清掃工場,"[136.190979, 34.070786]",尾鷲市(三重県),5424,,無し,三重県尾鷲市
incineration_facility,亀山市総合環境センター,"[136.45166, 34.855831]",亀山市(三重県),20577,,有り,三重県亀山市
incineration_facility,鳥羽市答志島清掃センター,"[136.891861, 34.524464]",鳥羽市(三重県),0,廃止,無し,三重県鳥羽市答志町
incineration_facility,熊野市クリーンセンター(ごみ処理施設),"[136.100281, 33.888611]",熊野市(三重県),4859,,無し,三重県熊野市
incineration_facility,志摩市阿児清掃センター,"[136.897079, 34.358669]",志摩市(三重県),0,休止,無し,三重県志摩市阿児町安乗
incineration_facility,志摩市阿児清掃センター,"[136.897079, 34.358669]",志摩市(三重県),0,休止,無し,三重県志摩市阿児町安乗
incineration_facility,志摩市志摩清掃センター,"[136.785141, 34.266602]",志摩市(三重県),0,休止,無し,三重県志摩市志摩町越賀
incineration_facility,菰野町清掃センター,"[136.507507, 35.02]",菰野町(三重県),9988,,無し,三重県菰野町
incineration_facility,伊賀南部クリーンセンター,"[136.142258, 34.749832]",伊賀南部環境衛生組合(三重県),20221,,有り,三重県伊賀市
incineration_facility,桑名広域清掃事業組合可燃ごみ焼却施設,"[136.683884, 35.062222]",桑名広域清掃事業組合(三重県),43159,,無し,三重県桑名郡
incineration_facility,大津市環境美化センター焼却施設,"[135.854721, 35.017776]",大津市(滋賀県),45424,新設（新規稼働）,無し,滋賀県大津市
incineration_facility,大津市北部クリーンセンター焼却施設,"[135.961655, 35.259445]",大津市(滋賀県),35751,廃止,無し,滋賀県大津市北小松
incineration_facility,彦根市清掃センター,"[136.210388, 35.227692]",彦根市(滋賀県),29246,,無し,滋賀県彦根市清崎町
incineration_facility,近江八幡市環境エネルギーセンター,"[136.097961, 35.128323]",近江八幡市(滋賀県),21381,,無し,滋賀県近江八幡市
incineration_facility,草津市立クリーンセンター(熱回収施設),"[135.959991, 35.01318]",草津市(滋賀県),32896.54,,無し,滋賀県草津市
incineration_facility,守山市環境センター熱回収施設,"[135.994446, 35.058887]",守山市(滋賀県),8920,新設（新規稼働）,無し,滋賀県守山市
incineration_facility,栗東市環境センター,"[135.998062, 35.021667]",栗東市(滋賀県),16031,,無し,滋賀県栗東市
incineration_facility,野洲クリーンセンター,"[136.025833, 35.067501]",野洲市(滋賀県),11963,,無し,滋賀県野洲郡
incineration_facility,高島市環境センター,"[136.035797, 35.353054]",高島市(滋賀県),13606,休止,無し,滋賀県高島市
incineration_facility,日野清掃センター,"[136.246109, 35.018055]",中部清掃組合(滋賀県),39432,,無し,滋賀県蒲生郡日野町
incineration_facility,甲賀広域行政組合衛生センター第2施設(ごみ処理施設),"[136.166275, 34.966091]",甲賀広域行政組合(滋賀県),36299,能力変更,有り,滋賀県甲賀郡
incineration_facility,京都市北部クリーンセンター,"[135.75415, 35.041039]",京都市(京都府),116231,,無し,京都府京都市北区
incineration_facility,京都市東北部クリーンセンター,"[135.776398, 34.997093]",京都市(京都府),81432.3,,無し,京都府京都市東山区
incineration_facility,京都市南部クリーンセンター（焼却施設）,"[135.746429, 34.97665]",京都市(京都府),149877.844783526,,無し,京都府京都市南区
incineration_facility,福知山市ごみ焼却施設,"[135.126389, 35.296665]",福知山市(京都府),17270,,有り,京都府福知山市
incineration_facility,舞鶴市清掃事務所(第二工場),"[135.36528, 35.454136]",舞鶴市(京都府),7196,,無し,京都府舞鶴市清道
incineration_facility,舞鶴市清掃事務所(第一工場),"[135.36528, 35.454136]",舞鶴市(京都府),12945,能力変更,無し,京都府舞鶴市清道
incineration_facility,綾部市クリーンセンター,"[135.258606, 35.298889]",綾部市(京都府),0,休止,無し,京都府綾部市
incineration_facility,京丹後市峰山クリーンセンター,"[135.057114, 35.622234]",京丹後市(京都府),6992,,無し,京都府京丹後市峰山町千歳
incineration_facility,京丹後市峰山クリーンセンター,"[135.057114, 35.622234]",京丹後市(京都府),7504,,無し,京都府京丹後市峰山町千歳
incineration_facility,京都中部クリーンセンター(ごみ処理施設),"[135.768112, 35.011669]",船井郡衛生管理組合(京都府),0,休止,無し,京都府京都市
incineration_facility,相楽東部クリーンセンター,"[135.80304, 34.739216]",相楽東部広域連合(京都府),0,休止,無し,京都府木津川市相楽東戸崎
incineration_facility,宮津与謝クリーンセンター,"[135.195557, 35.535557]",宮津与謝環境組合(京都府),4663,,無し,京都府宮津市
incineration_facility,堺市クリーンセンター東工場第二工場,"[135.483063, 34.573334]",堺市(大阪府),110598.37,,無し,大阪府堺市
incineration_facility,堺市クリーンセンター東工場第一工場,"[135.483063, 34.573334]",堺市(大阪府),1588.83,休止,無し,大阪府堺市
incineration_facility,堺市クリーンセンター南工場,"[135.483063, 34.573334]",堺市(大阪府),0,休止,無し,大阪府堺市
incineration_facility,堺市クリーンセンター臨海工場,"[135.483063, 34.573334]",堺市(大阪府),132630.88,,無し,大阪府堺市
incineration_facility,池田市クリーンセンター,"[135.428604, 34.821667]",池田市(大阪府),27102,,無し,大阪府池田市
incineration_facility,吹田市資源循環エネルギーセンター,"[135.516876, 34.75946]",吹田市(大阪府),101928,,無し,大阪府吹田市
incineration_facility,穂谷川清掃工場第3プラント,"[135.72937, 34.793934]",枚方市(大阪府),33610,,無し,大阪府枚方市穂谷
incineration_facility,東部清掃工場,"[130.485778861111, 33.6455819444444]",枚方市(大阪府),56713,,無し,東部清掃工場
incineration_facility,寝屋川市クリーンセンター焼却施設,"[135.628052, 34.766109]",寝屋川市(大阪府),53344,,無し,大阪府寝屋川市
incineration_facility,箕面市環境クリーンセンター,"[135.470551, 34.826942]",箕面市(大阪府),40310,能力変更,無し,大阪府箕面市
incineration_facility,島本町清掃工場,"[135.662781, 34.883888]",島本町(大阪府),6854,,無し,大阪府三島郡島本町
incineration_facility,忠岡町クリーンセンター,"[135.401382, 34.487171]",忠岡町(大阪府),4584,,無し,大阪府泉北郡忠岡町
incineration_facility,熊取町環境センター,"[135.355988, 34.401459]",熊取町(大阪府),11254,,無し,大阪府熊取町
incineration_facility,岬町美化センター,"[135.142227, 34.316944]",岬町(大阪府),5377,,無し,大阪府泉南郡岬町
incineration_facility,豊中市伊丹市クリーンランドごみ焼却施設,"[135.469757, 34.781288]",豊中市伊丹市クリーンランド(大阪府),150100,,無し,大阪府豊中市
incineration_facility,泉佐野市田尻町清掃施設組合第二事業所,"[135.327362, 34.406837]",泉佐野市田尻町清掃施設組合(大阪府),48748,,無し,大阪府泉佐野市
incineration_facility,岸和田市貝塚市クリーンセンター,"[135.37088, 34.46059]",岸和田市貝塚市清掃施設組合(大阪府),89791.97,,無し,大阪府岸和田市
incineration_facility,南河内環境事業組合第1清掃工場,"[135.490433, 34.486408]",南河内環境事業組合(大阪府),56518,,無し,大阪府堺市南区
incineration_facility,南河内環境事業組合第2清掃工場,"[135.490433, 34.486408]",南河内環境事業組合(大阪府),24647,,無し,大阪府堺市南区
incineration_facility,泉南清掃事務組合泉南清掃工場,"[135.273605, 34.365833]",泉南清掃事務組合(大阪府),32383,,無し,大阪府泉南郡
incineration_facility,住之江工場,"[135.482773, 34.609604]",大阪広域環境施設組合(大阪府),0,新設（建設中）,無し,大阪府大阪市住之江区
incineration_facility,西淀工場,"[135.463882, 34.535]",大阪広域環境施設組合(大阪府),139401,,無し,大阪府堺市西区
incineration_facility,鶴見工場,"[135.574173, 34.704445]",大阪広域環境施設組合(大阪府),160161,,無し,大阪府大阪市鶴見区
incineration_facility,八尾工場,"[135.60083, 34.626945]",大阪広域環境施設組合(大阪府),124346,,無し,大阪府八尾市
incineration_facility,舞洲工場,"[135.233643, 34.339424]",大阪広域環境施設組合(大阪府),213281,,無し,大阪府阪南市舞
incineration_facility,平野工場,"[135.546112, 34.621113]",大阪広域環境施設組合(大阪府),233246,,無し,大阪府大阪市平野区
incineration_facility,東淀工場,"[135.362701, 34.445225]",大阪広域環境施設組合(大阪府),113525,,無し,大阪府貝塚市東
incineration_facility,西クリーンセンター,"[134.981628, 34.68325]",神戸市(兵庫県),124418.19,,無し,兵庫県神戸市西区
incineration_facility,港島クリーンセンター,"[135.228668, 34.665691]",神戸市(兵庫県),134713.21,,無し,兵庫県神戸市中央区港島
incineration_facility,市川美化センター,"[134.763229, 34.989262]",姫路市(兵庫県),55140,,無し,兵庫県市川
incineration_facility,大久保清掃工場,"[134.52034, 35.377705]",明石市(兵庫県),0,休止,無し,兵庫県養父市大久保
incineration_facility,明石クリーンセンター焼却施設,"[134.997604, 34.643131]",明石市(兵庫県),94346,,有り,兵庫県明石市
incineration_facility,西部総合処理センター焼却施設,"[134.981628, 34.68325]",西宮市(兵庫県),72543,,無し,兵庫県神戸市西区
incineration_facility,芦屋市環境処理センター,"[135.304123, 34.726952]",芦屋市(兵庫県),27203,,無し,兵庫県芦屋市
incineration_facility,丹波市クリーンセンター,"[135.035828, 35.177223]",丹波市(兵庫県),12541,,無し,兵庫県丹波市
incineration_facility,稲美町清掃センター,"[134.912949, 34.74839]",稲美町(兵庫県),8012,廃止,無し,兵庫県稲美町
incineration_facility,南但ごみ処理施設　高効率原燃料回収施設,"[134.798721, 34.435612]",南但広域行政事務組合(兵庫県),11938,,無し,兵庫県淡路市南
incineration_facility,北但ごみ処理施設,"[135.14621, 34.724174]",北但行政事務組合(兵庫県),35962,,有り,兵庫県神戸市北区
incineration_facility,国崎クリーンセンター,"[135.423233, 34.923374]",猪名川上流広域ごみ処理施設組合(兵庫県),53042,,無し,兵庫県川西市国崎
incineration_facility,奈良市環境清美工場ごみ焼却処理施設,"[135.804718, 34.685001]",奈良市(奈良県),80567,,有り,奈良県奈良市
incineration_facility,大和高田市クリーンセンター(一般炉),"[135.737381, 34.515751]",大和高田市(奈良県),19525,,有り,奈良県大和高田市
incineration_facility,大和郡山市クリーンセンター・清掃センター,"[135.782715, 34.649616]",大和郡山市(奈良県),28874,,無し,奈良県大和郡山市
incineration_facility,天理市環境クリーンセンター焼却施設,"[135.837219, 34.596668]",天理市(奈良県),26610,,無し,奈良県天理市
incineration_facility,桜井市ごみ焼却炉棟,"[135.842743, 34.518841]",桜井市(奈良県),17850,,無し,奈良県桜井市
incineration_facility,生駒市清掃センター,"[135.700562, 34.691944]",生駒市(奈良県),29569,,有り,奈良県生駒市
incineration_facility,葛城市クリーンセンター,"[135.726669, 34.489166]",葛城市(奈良県),11774,,無し,奈良県葛城市
incineration_facility,宇陀クリーンセンター,"[135.952347, 34.528011]",宇陀市(奈良県),4470,,無し,奈良県宇陀郡
incineration_facility,平群町清掃センター,"[135.700562, 34.629166]",平群町(奈良県),4657,,無し,奈良県生駒郡平群町
incineration_facility,三郷町清掃センター,"[135.695511, 34.600163]",三郷町(奈良県),5179,,無し,奈良県三郷町
incineration_facility,河合町清掃工場,"[135.736664, 34.578335]",河合町(奈良県),4803,,無し,奈良県河合町
incineration_facility,下市町紫水苑,"[135.79184, 34.360939]",下市町(奈良県),0,休止,無し,奈良県下市町
incineration_facility,十津川村衛生センター,"[135.792496, 33.988609]",十津川村(奈良県),1038,,無し,奈良県吉野郡十津川村
incineration_facility,上下北山クリンセンター,"[135.654114, 34.208649]",上下北山衛生一部事務組合(奈良県),766,,無し,奈良県野迫川村上
incineration_facility,南和広域美化センター,"[135.753067, 34.563358]",南和広域衛生組合(奈良県),5981,,無し,奈良県広陵町南
incineration_facility,田辺市ごみ処理場(焼却施設),"[135.377777, 33.728058]",田辺市(和歌山県),26335,能力変更,無し,和歌山県田辺市
incineration_facility,新宮市クリーンセンター,"[135.992538, 33.724136]",新宮市(和歌山県),9342,,無し,和歌山県新宮市
incineration_facility,岩出クリーンセンター,"[135.311386, 34.256207]",岩出市(和歌山県),15374,,無し,和歌山県岩出市
incineration_facility,白浜町清掃センター,"[135.348129, 33.678158]",白浜町(和歌山県),8156,,有り,和歌山県西牟婁郡白浜町
incineration_facility,すさみ町ゴミ焼却場,"[135.496674, 33.550133]",すさみ町(和歌山県),1200,,無し,和歌山県すさみ町
incineration_facility,那智勝浦町清掃管理事務所(那智勝浦町クリーンセンター),"[135.941025, 33.62603]",那智勝浦町(和歌山県),4891,,有り,和歌山県東牟婁郡那智勝浦町
incineration_facility,御坊広域清掃センター,"[135.152374, 33.891476]",御坊広域行政事務組合(和歌山県),16617,,有り,和歌山県御坊市
incineration_facility,有田周辺広域圏事務組合環境センター,"[135.730408, 33.484268]",有田周辺広域圏事務組合(和歌山県),13311,,無し,和歌山県串本町有田
incineration_facility,橋本周辺広域ごみ処理場,"[135.60527, 34.31472]",橋本周辺広域市町村圏組合(和歌山県),22771,,有り,和歌山県橋本市
incineration_facility,鳥取市神谷清掃工場,"[134.222153, 35.494453]",鳥取市(鳥取県),54807,,無し,鳥取県鳥取市
incineration_facility,米子市クリーンセンター,"[133.330948, 35.428158]",米子市(鳥取県),53411.2,,無し,鳥取県米子市
incineration_facility,大山町名和クリーンセンター,"[133.499359, 35.500259]",大山町(鳥取県),1541,,無し,鳥取県大山町名和
incineration_facility,日南町清掃センター,"[133.306198, 35.163258]",日南町(鳥取県),984,,無し,鳥取県日南町
incineration_facility,日野町江府町日南町衛生施設組合(ごみ処理施設),"[133.44278, 35.240833]",日野町江府町日南町衛生施設組合(鳥取県),1228,,無し,鳥取県日野郡日野町
incineration_facility,南部町・伯耆町清掃施設管理組合クリーンセンター,"[133.32666, 35.340279]",南部町・伯耆町清掃施設管理組合(鳥取県),4150,,無し,鳥取県西伯郡南部町
incineration_facility,出雲エネルギーセンター,"[132.754669, 35.367027]",出雲市(島根県),37880,廃止,無し,島根県出雲市
incineration_facility,海士町清掃センター,"[133.096771, 36.096512]",海士町(島根県),1010,,有り,島根県隠岐郡海士町
incineration_facility,西ノ島町ごみ焼却施設「清美苑」,"[133.013474, 36.091824]",西ノ島町(島根県),1081,,無し,島根県隠岐郡西ノ島町
incineration_facility,益田地区広域クリーンセンター,"[131.842896, 34.67487]",益田地区広域市町村圏事務組合(島根県),16817,,無し,島根県益田市
incineration_facility,岡山市東部クリーンセンター,"[134.029465, 34.651375]",岡山市(岡山県),104668.96,,有り,岡山県岡山市東区
incineration_facility,岡山市岡南環境センター,"[133.919754, 34.655186]",岡山市(岡山県),50096,休止,無し,岡山県岡山市
incineration_facility,岡山市当新田環境センター,"[133.919754, 34.655186]",岡山市(岡山県),50575.48,,無し,岡山県岡山市
incineration_facility,倉敷市水島清掃工場,"[133.73378, 34.525703]",倉敷市(岡山県),87905,,無し,岡山県倉敷市水島海岸通
incineration_facility,玉野市東清掃センター,"[133.93132, 34.551018]",玉野市(岡山県),18279,,無し,岡山県玉野市東七区
incineration_facility,新見市クリーンセンター,"[133.470352, 34.977039]",新見市(岡山県),7717,,無し,岡山県新見市
incineration_facility,赤磐市環境センター,"[134.018799, 34.755386]",赤磐市(岡山県),11468,,無し,岡山県赤磐市
incineration_facility,美作クリーンセンター,"[134.148605, 35.00861]",美作市(岡山県),6634,,無し,岡山県美作市
incineration_facility,和気町クリーンセンター,"[134.157501, 34.802776]",和気町(岡山県),2646.88,,無し,岡山県和気郡和気町
incineration_facility,柵原クリーンセンター,"[134.063492, 34.957943]",美咲町(岡山県),0,休止,無し,岡山県美咲町柵原
incineration_facility,岡山県西部環境整備施設組合里庄清掃工場,"[134.335693, 35.171764]",岡山県西部環境整備施設組合(岡山県),22659,,有り,岡山県西粟倉
incineration_facility,倉敷西部清掃施設組合清掃工場,"[133.771942, 34.584999]",倉敷西部清掃施設組合(岡山県),23738.56,,無し,岡山県倉敷市
incineration_facility,岡山県中部環境施設組合コスモスクリーンセンターごみ処理施設,"[133.935028, 34.661739]",岡山県中部環境施設組合(岡山県),4518,,無し,岡山県
incineration_facility,井原クリーンセンター,"[133.463882, 34.597778]",岡山県井原地区清掃施設組合(岡山県),12998,,無し,岡山県井原市
incineration_facility,高梁地域事務組合クリーンセンター,"[133.616821, 34.790981]",高梁地域事務組合(岡山県),11598,,無し,岡山県高梁市
incineration_facility,津山圏域クリーンセンター,"[134.004532, 35.069126]",津山圏域資源循環施設組合(岡山県),36442,,無し,岡山県津山市
incineration_facility,広島市中工場,"[132.455017, 34.386288]",広島市(広島県),148621,,無し,広島県広島市中区
incineration_facility,広島市安佐北工場,"[132.507782, 34.518333]",広島市(広島県),0,休止,無し,広島県広島市安佐北区
incineration_facility,広島市南工場,"[132.469009, 34.379898]",広島市(広島県),65665,,無し,広島県広島市南区
incineration_facility,安佐南工場焼却施設,"[132.471664, 34.451942]",広島市(広島県),71831,,無し,広島県広島市安佐南区
incineration_facility,三原市清掃工場,"[133.07811, 34.397724]",三原市(広島県),30613,,無し,広島県三原市
incineration_facility,尾道市クリーンセンター,"[133.205627, 34.409161]",尾道市(広島県),35141,,無し,広島県尾道市
incineration_facility,尾道市因瀬クリーンセンター,"[133.192078, 34.296787]",尾道市(広島県),7831,,無し,広島県尾道市因島三庄町
incineration_facility,福山市西部清掃工場,"[133.357346, 34.484459]",福山市(広島県),31270,,無し,広島県福山市西桜町
incineration_facility,福山市新市クリーンセンター,"[133.246048, 34.622246]",福山市(広島県),4951.61,,無し,広島県福山市新市町
incineration_facility,福山市深品クリーンセンター,"[133.362503, 34.485832]",福山市(広島県),18541,,無し,広島県福山市
incineration_facility,三次環境クリーンセンター,"[132.85173, 34.805538]",三次市(広島県),10472,,無し,広島県三次市
incineration_facility,庄原市備北クリーンセンター,"[133.017242, 34.857742]",庄原市(広島県),6033,,無し,広島県庄原市
incineration_facility,庄原市備北クリーンセンター（新）,"[133.017242, 34.857742]",庄原市(広島県),0,新設（建設中）,無し,広島県庄原市
incineration_facility,廿日市市大野清掃センター,"[132.201309, 34.302475]",廿日市市(広島県),0,休止,無し,広島県廿日市市大野
incineration_facility,廿日市市佐伯クリーンセンター,"[132.328247, 34.370068]",廿日市市(広島県),0,休止,無し,広島県廿日市市佐方
incineration_facility,安芸クリーンセンター,"[132.525558, 34.371666]",安芸地区衛生施設管理組合(広島県),31203,,無し,広島県広島市安芸区
incineration_facility,賀茂環境衛生センター(1、2号炉),"[132.976257, 34.570347]",広島中央環境衛生組合(広島県),2920,廃止,無し,広島県世羅町賀茂
incineration_facility,賀茂環境衛生センター(3号炉),"[132.976257, 34.570347]",広島中央環境衛生組合(広島県),15460,廃止,無し,広島県世羅町賀茂
incineration_facility,竹原安芸津環境センター,"[132.906937, 34.341667]",広島中央環境衛生組合(広島県),4829,廃止,無し,広島県竹原市
incineration_facility,大崎上島環境センター,"[132.915283, 34.269722]",広島中央環境衛生組合(広島県),1872,廃止,無し,広島県大崎上島
incineration_facility,宇部市環境保全センター(新焼却炉),"[131.247314, 33.951824]",宇部市(山口県),48655,,無し,山口県宇部市
incineration_facility,山口市清掃工場,"[131.473892, 34.178333]",山口市(山口県),58667,,無し,山口県山口市
incineration_facility,見島ごみ焼却場,"[131.140091, 34.778282]",萩市(山口県),189,,無し,山口県萩市見島
incineration_facility,防府市クリーンセンター可燃ごみ処理施設焼却施設,"[131.562775, 34.051945]",防府市(山口県),31225,,無し,山口県防府市
incineration_facility,山陽小野田市環境衛生センター,"[131.181808, 34.003166]",山陽小野田市(山口県),17882,,無し,山口県山陽小野田市
incineration_facility,周防大島町清掃センター,"[132.195282, 33.927502]",周防大島町(山口県),3659,,無し,山口県周防大島町
incineration_facility,萩・長門清掃工場,"[131.39917, 34.408054]",萩・長門清掃一部事務組合(山口県),26535,,有り,山口県萩市
incineration_facility,徳島市西部環境事務所,"[134.545502, 34.057529]",徳島市(徳島県),37090,,無し,徳島県徳島市西二軒屋町
incineration_facility,徳島市東部環境事務所,"[134.597244, 34.058296]",徳島市(徳島県),36250,,無し,徳島県徳島市東沖洲
incineration_facility,鳴門市クリーンセンターごみ焼却場,"[134.608871, 34.172535]",鳴門市(徳島県),16497,,無し,徳島県鳴門市
incineration_facility,小松島市環境衛生センター,"[134.590714, 34.004658]",小松島市(徳島県),11376,,無し,徳島県小松島市
incineration_facility,阿南市クリーンセンター,"[134.659744, 33.922031]",阿南市(徳島県),0,休止,無し,徳島県阿南市
incineration_facility,木屋平村ごみ焼却場,"[134.174301, 33.921307]",美馬市(徳島県),0,休止,無し,徳島県美馬市木屋平
incineration_facility,三好市東祖谷一般廃棄物処理場,"[133.936279, 33.873302]",三好市(徳島県),0,,無し,徳島県三好市東祖谷九鬼
incineration_facility,石井町清掃センター,"[134.440674, 34.074135]",石井町(徳島県),5576,,無し,徳島県石井町
incineration_facility,那賀町清掃センター,"[134.496643, 33.857437]",那賀町(徳島県),0,休止,無し,徳島県那賀郡那賀町
incineration_facility,那賀町クリーンセンター,"[134.496643, 33.857437]",那賀町(徳島県),1607,,無し,徳島県那賀郡那賀町
incineration_facility,松茂町第二環境センター,"[134.580612, 34.133774]",松茂町(徳島県),4894,,無し,徳島県松茂町
incineration_facility,北島町清掃センター,"[134.546982, 34.125591]",北島町(徳島県),5072,,無し,徳島県板野郡北島町
incineration_facility,藍住町西クリーンステーション,"[134.495117, 34.126633]",藍住町(徳島県),7858,,無し,徳島県板野郡藍住町
incineration_facility,板野町環境センター,"[134.462601, 34.144356]",板野町(徳島県),0,休止,無し,徳島県板野郡板野町
incineration_facility,高松市南部クリーンセンター,"[134.049316, 34.340336]",高松市(香川県),55904,,無し,香川県高松市南新町
incineration_facility,高松市西部クリーンセンター,"[134.047974, 34.349865]",高松市(香川県),55660,,無し,香川県高松市西の丸町
incineration_facility,直島町焼却施設,"[133.995605, 34.459911]",直島町(香川県),1310,,無し,香川県香川郡直島町
incineration_facility,クリントピア丸亀,"[133.804607666667, 34.3128064722222]",中讃広域行政事務組合(香川県),41286,,有り,クリントピア丸亀
incineration_facility,坂出、宇多津広域行政事務組合角山環境センター,"[133.860504, 34.316692]",坂出、宇多津広域行政事務組合(香川県),20602,,無し,香川県坂出市
incineration_facility,松山市南クリーンセンター,"[132.703964, 33.827938]",松山市(愛媛県),36876.58,,無し,愛媛県松山市南吉田町
incineration_facility,松山市北条クリーンセンター,"[132.779617, 33.978985]",松山市(愛媛県),0,休止,無し,愛媛県松山市北条
incineration_facility,松山市中島クリーンセンター,"[132.63858, 34.001694]",松山市(愛媛県),0,休止,無し,愛媛県松山市中島粟井
incineration_facility,松山市西クリーンセンター,"[132.772491, 33.846249]",松山市(愛媛県),88907.8,,無し,愛媛県松山市西一万町
incineration_facility,今治市クリーンセンター　可燃ごみ処理施設,"[132.967163, 34.049244]",今治市(愛媛県),48338,,無し,愛媛県今治市クリエイティブヒルズ
incineration_facility,八幡浜南環境センター,"[132.42337, 33.462883]",八幡浜市(愛媛県),18772,,無し,愛媛県八幡浜市
incineration_facility,新居浜市清掃センター,"[133.311539, 33.961494]",新居浜市(愛媛県),33957,,有り,愛媛県新居浜市清住町
incineration_facility,西条市道前クリーンセンター,"[133.181122, 33.919495]",西条市(愛媛県),32141,,有り,愛媛県西条市
incineration_facility,大洲市環境センター,"[132.544495, 33.50618]",大洲市(愛媛県),11918,,無し,愛媛県大洲市
incineration_facility,四国中央市クリーンセンター,"[133.549988, 33.980591]",四国中央市(愛媛県),30277,,有り,愛媛県四国中央市
incineration_facility,東温市クリーンセンター,"[132.872269, 33.791031]",東温市(愛媛県),5192,,無し,愛媛県東温市
incineration_facility,魚島クリーンセンター,"[133.320114, 34.177055]",上島町(愛媛県),0,休止,無し,愛媛県上島町魚島
incineration_facility,上島クリーンセンター,"[133.204437, 34.257568]",上島町(愛媛県),2528,,無し,愛媛県越智郡上島町
incineration_facility,内子町クリーンセンター,"[132.658127, 33.533039]",内子町(愛媛県),3550,,無し,愛媛県喜多郡内子町
incineration_facility,伊予地区清掃センター,"[132.703842, 33.757866]",伊予地区ごみ処理施設管理組合(愛媛県),17126,,無し,愛媛県伊予郡
incineration_facility,宇和島地区広域事務組合　環境センター,"[132.560608, 33.223282]",宇和島地区広域事務組合(愛媛県),31098,,無し,愛媛県宇和島市
incineration_facility,高知市清掃工場,"[133.531097, 33.558723]",高知市(高知県),110480,,無し,高知県高知市
incineration_facility,安田町清掃センター,"[133.981216, 33.439079]",安田町(高知県),0,休止,無し,高知県安芸郡安田町
incineration_facility,香南清掃組合まほろばクリーンセンター,"[133.70079, 33.564362]",香南清掃組合(高知県),26817,,無し,高知県香南市
incineration_facility,安芸広域メルトセンター,"[133.906738, 33.502434]",安芸広域市町村圏事務組合(高知県),17079,,無し,高知県安芸郡
incineration_facility,北九州市新門司工場,"[130.875229, 33.883411]",北九州市(福岡県),138222,,有り,福岡県北九州市
incineration_facility,北九州市日明工場,"[130.875229, 33.883411]",北九州市(福岡県),105774,,有り,福岡県北九州市
incineration_facility,北九州市皇后崎工場,"[130.875229, 33.883411]",北九州市(福岡県),176455,,有り,福岡県北九州市
incineration_facility,福岡市臨海工場,"[130.401672, 33.59]",福岡市(福岡県),179078.49,,有り,福岡県福岡市
incineration_facility,福岡市西部工場,"[130.323059, 33.582779]",福岡市(福岡県),113305.84,,有り,福岡県福岡市西区
incineration_facility,福岡市玄界島焼却場,"[130.401672, 33.59]",福岡市(福岡県),94.46,,無し,福岡県福岡市
incineration_facility,久留米市上津クリーンセンター,"[130.526886, 33.288002]",久留米市(福岡県),46469.38,,無し,福岡県久留米市上津
incineration_facility,久留米市宮ノ陣クリーンセンター,"[130.529633, 33.33009]",久留米市(福岡県),32028.5,,無し,福岡県久留米市宮ノ陣
incineration_facility,柳川市クリーンセンター,"[130.406113, 33.163055]",柳川市(福岡県),14392,廃止,無し,福岡県柳川市
incineration_facility,大川市清掃センター,"[130.383957, 33.206596]",大川市(福岡県),9471,,無し,福岡県大川市
incineration_facility,みやま市清掃センター,"[130.474716, 33.1525]",みやま市(福岡県),3967,廃止,無し,福岡県みやま市
incineration_facility,糸島市クリーンセンターごみ処理場,"[130.195557, 33.55722]",糸島市(福岡県),31649,,有り,福岡県糸島市
incineration_facility,古賀清掃工場焼却施設,"[130.683578, 33.86306]",玄界環境組合(福岡県),53562,,有り,福岡県水巻町古賀
incineration_facility,宗像清掃工場ガス化溶融施設,"[130.540588, 33.80558]",玄界環境組合(福岡県),32233,,有り,福岡県宗像郡
incineration_facility,八女西部クリーンセンター,"[130.557785, 33.211945]",八女西部広域事務組合(福岡県),34704,,無し,福岡県八女郡
incineration_facility,豊前市外二町清掃センター,"[131.12999, 33.611507]",豊前市外二町清掃施設組合(福岡県),13242,,無し,福岡県豊前市
incineration_facility,田川市川崎町清掃センター,"[130.793777, 33.642696]",田川地区清掃施設組合(福岡県),19731,,無し,福岡県田川市川宮
incineration_facility,大牟田・荒尾清掃施設組合新開クリーンセンター,"[130.446106, 33.030277]",大牟田・荒尾清掃施設組合(福岡県),0,休止,無し,福岡県大牟田市
incineration_facility,福岡都市圏南部工場,"[130.401672, 33.59]",福岡都市圏南部環境事業組合(福岡県),108054.9,,無し,福岡県福岡市
incineration_facility,飯塚市クリーンセンター清掃工場,"[130.691254, 33.646446]",ふくおか県央環境広域施設組合(福岡県),25387,,無し,福岡県飯塚市
incineration_facility,嘉麻市嘉麻クリーンセンター,"[130.700012, 33.541946]",ふくおか県央環境広域施設組合(福岡県),5684,,無し,福岡県嘉麻市嘉穂才田
incineration_facility,佐賀市清掃工場,"[130.300888, 33.263512]",佐賀市(佐賀県),68550,,無し,佐賀県佐賀市
incineration_facility,唐津市清掃センター,"[129.968201, 33.450092]",唐津市(佐賀県),34035,,無し,佐賀県唐津市
incineration_facility,鳥栖・三養基西部溶融資源化センター,"[130.506134, 33.377846]",鳥栖・三養基西部環境施設組合(佐賀県),32167,,無し,佐賀県鳥栖市
incineration_facility,佐世保市西部クリーンセンター,"[129.710861, 33.176353]",佐世保市(長崎県),30235,,無し,長崎県佐世保市西大久保町
incineration_facility,諫早市環境センター,"[130.053162, 32.84343]",諫早市(長崎県),0,休止,無し,長崎県諫早市
incineration_facility,諫早市環境センター(溶融施設),"[130.053162, 32.84343]",諫早市(長崎県),0,休止,無し,長崎県諫早市
incineration_facility,大村市環境センター,"[129.958328, 32.900002]",大村市(長崎県),10852,,無し,長崎県大村市
incineration_facility,対馬クリーンセンター,"[129.287506, 34.202778]",対馬市(長崎県),11649,,無し,長崎県対馬支庁
incineration_facility,壱岐市クリーンセンター,"[129.691345, 33.749958]",壱岐市(長崎県),6979,,無し,長崎県壱岐市
incineration_facility,五島市クリーンセンター,"[128.840897, 32.695778]",五島市(長崎県),11231,,無し,長崎県五島市
incineration_facility,五島市福江清掃センター,"[128.846939, 32.698601]",五島市(長崎県),0,休止,無し,長崎県五島市福江町
incineration_facility,五島市富江クリーンセンター,"[128.773361, 32.589523]",五島市(長崎県),54,休止,無し,長崎県五島市富江町岳
incineration_facility,五島市三井楽清掃センター,"[128.65271, 32.754772]",五島市(長崎県),0,休止,無し,長崎県五島市三井楽町丑ノ浦
incineration_facility,五島市奈留清掃センター,"[128.937347, 32.836933]",五島市(長崎県),0,休止,無し,長崎県五島市奈留町浦
incineration_facility,西海市炭化センター,"[129.643051, 32.933056]",西海市(長崎県),6753,,有り,長崎県西海市
incineration_facility,南島原市南有馬クリーンセンター,"[130.24205, 32.631485]",南島原市(長崎県),11640,,無し,長崎県南島原市南有馬町乙
incineration_facility,小値賀町ごみ焼却場,"[129.058899, 33.191029]",小値賀町(長崎県),452,,無し,長崎県小値賀町
incineration_facility,佐々クリーンセンター,"[129.650558, 33.238335]",佐々町(長崎県),4595,,無し,長崎県佐々
incineration_facility,新上五島町クリーンセンター・ごみ焼却施設,"[129.073334, 32.984444]",新上五島町(長崎県),7360,,無し,長崎県新上五島町
incineration_facility,西部環境工場,"[130.828812, 32.172573]",熊本市(熊本県),79749,,有り,熊本県錦町西
incineration_facility,八代市環境センター,"[130.648941, 32.562752]",八代市(熊本県),32952,,無し,熊本県八代市
incineration_facility,山鹿市環境センター,"[130.69136, 33.017574]",山鹿市(熊本県),12572,,無し,熊本県山鹿市
incineration_facility,御所浦クリーンセンター,"[131.049789, 32.741211]",天草市(熊本県),478,,無し,熊本県山都町御所
incineration_facility,西天草クリーンセンター,"[130.828812, 32.172573]",天草市(熊本県),1709,,無し,熊本県錦町西
incineration_facility,小峰クリーンセンター,"[130.773392, 32.801529]",山都町(熊本県),2930,,無し,熊本県熊本市東区小峯
incineration_facility,東部清掃工場,"[130.485778861111, 33.6455819444444]",菊池環境保全組合(熊本県),0,廃止,無し,東部清掃工場
incineration_facility,菊池環境工場　クリーンの森合志,"[130.813217, 32.979736]",菊池環境保全組合(熊本県),43171,新設（新規稼働）,無し,熊本県菊池郡
incineration_facility,御船甲佐クリーンセンター,"[130.801895, 32.714584]",御船町甲佐町衛生施設組合(熊本県),7181,,無し,熊本県御船
incineration_facility,益城クリーンセンター,"[130.817017, 32.80061]",益城、嘉島、西原環境衛生施設組合(熊本県),14084,,無し,熊本県益城
incineration_facility,人吉球磨クリーンプラザ(焼却施設),"[130.760162, 32.205631]",人吉球磨広域行政組合(熊本県),20576,,無し,熊本県人吉市
incineration_facility,水俣芦北広域行政事務組合クリーンセンター,"[130.408615, 32.211746]",水俣芦北広域行政事務組合(熊本県),7976,,有り,熊本県水俣市
incineration_facility,宇土清掃センターごみ処理施設,"[130.659683, 32.688042]",宇城広域連合(熊本県),0,休止,無し,熊本県宇土郡
incineration_facility,宇城クリーンセンターごみ処理施設,"[130.684357, 32.647846]",宇城広域連合(熊本県),25829,,無し,熊本県宇城市
incineration_facility,大分市福宗環境センター福宗清掃工場,"[131.509216, 33.167061]",大分市(大分県),89731,,無し,大分県大分市福宗
incineration_facility,大分市佐野清掃センター清掃工場,"[131.729553, 33.198582]",大分市(大分県),81703,,無し,大分県大分市佐野
incineration_facility,中津市クリーンプラザ,"[131.188339, 33.598331]",中津市(大分県),25344,,無し,大分県中津市
incineration_facility,日田市清掃センター,"[130.941391, 33.32111]",日田市(大分県),16607.88,,無し,大分県日田市
incineration_facility,保戸島焼却場,"[132.010986, 33.104336]",津久見市(大分県),0,休止,無し,大分県津久見市保戸島
incineration_facility,豊後高田市ごみ清掃工場,"[131.447083, 33.556187]",豊後高田市(大分県),6104,,無し,大分県豊後高田市
incineration_facility,宇佐市ごみ焼却センター,"[131.350342, 33.532326]",宇佐市(大分県),15827,,無し,大分県宇佐市
incineration_facility,豊後大野市清掃センター,"[131.50827, 32.954296]",豊後大野市(大分県),10387,,有り,大分県豊後大野市清川町三玉
incineration_facility,国東市クリーンセンター,"[131.732269, 33.563328]",国東市(大分県),7364,,無し,大分県国東市
incineration_facility,姫島村清掃センター,"[131.645157, 33.724514]",姫島村(大分県),0,休止,無し,大分県東国東郡姫島村
incineration_facility,姫島村清掃センター,"[131.645157, 33.724514]",姫島村(大分県),491,新設（新規稼働）,有り,大分県東国東郡姫島村
incineration_facility,玖珠清掃センター,"[131.151382, 33.283333]",玖珠九重行政事務組合(大分県),6543,,無し,大分県玖珠郡
incineration_facility,都城市クリーンセンター,"[131.061661, 31.719723]",都城市(宮崎県),64224,,無し,宮崎県都城市
incineration_facility,延岡市清掃工場,"[131.66507, 32.582176]",延岡市(宮崎県),42338,,無し,宮崎県延岡市
incineration_facility,日南市南郷清掃センター,"[131.306686, 31.543034]",日南市(宮崎県),0,休止,無し,宮崎県日南市南郷町榎原
incineration_facility,日南市クリーンセンター,"[131.378738, 31.60195]",日南市(宮崎県),25759,,無し,宮崎県日南市
incineration_facility,小林市清掃工場,"[130.973038, 31.996765]",小林市(宮崎県),0,,無し,宮崎県小林市
incineration_facility,えびの市美化センター,"[130.811111, 32.045555]",えびの市(宮崎県),7010,,無し,宮崎県えびの市
incineration_facility,国富町ごみ焼却場,"[131.323547, 31.990686]",国富町(宮崎県),0,休止,無し,宮崎県国富町
incineration_facility,綾町資源活用クリーンセンター,"[131.25293, 31.999063]",綾町(宮崎県),0,廃止,無し,宮崎県綾町
incineration_facility,日向東臼杵広域連合清掃センター,"[131.624405, 32.422485]",日向東臼杵広域連合(宮崎県),23206,,無し,宮崎県日向市
incineration_facility,鹿児島市南部清掃工場,"[130.526581, 31.52244]",鹿児島市(鹿児島県),31516,休止,無し,鹿児島県鹿児島市南栄
incineration_facility,鹿児島市北部清掃工場,"[130.557022, 31.596861]",鹿児島市(鹿児島県),106626.91,,無し,鹿児島県鹿児島市
incineration_facility,鹿児島市南部清掃工場,"[130.526581, 31.52244]",鹿児島市(鹿児島県),32723,新設（新規稼働）,無し,鹿児島県鹿児島市南栄
incineration_facility,日置市クリーン・リサイクルセンター,"[130.40239, 31.633722]",日置市(鹿児島県),11863,,無し,鹿児島県日置市
incineration_facility,曽於市クリーンセンター,"[131.019165, 31.65361]",曽於市(鹿児島県),5883,,無し,鹿児島県曽於市
incineration_facility,霧島市敷根清掃センターごみ処理施設,"[130.76329, 31.740877]",霧島市(鹿児島県),34094,新設（建設中）,無し,鹿児島県霧島市
incineration_facility,三島村黒島大里地区焼却処理施設,"[129.936325, 30.831541]",三島村(鹿児島県),18,,無し,鹿児島県三島村黒島
incineration_facility,さつま町クリーンセンター,"[130.45578, 31.905766]",さつま町(鹿児島県),5420,,無し,鹿児島県さつま町
incineration_facility,南種子町清掃センター,"[130.90094, 30.413904]",南種子町(鹿児島県),1089,,無し,鹿児島県熊毛郡南種子町
incineration_facility,屋久島クリーンサポートセンター,"[130.651108, 30.390165]",屋久島町(鹿児島県),2214,,無し,鹿児島県屋久島
incineration_facility,喜界町クリーンセンター,"[129.940002, 28.316944]",喜界町(鹿児島県),2500,新設（新規稼働）,無し,鹿児島県喜界町
incineration_facility,与論ｸﾘｰﾝｾﾝﾀｰ美ら島,"[128.421631, 27.044947]",与論町(鹿児島県),1969,,無し,鹿児島県大島郡与論町
incineration_facility,指宿広域クリーンセンター,"[130.633057, 31.252777]",指宿広域市町村圏組合(鹿児島県),13953,,無し,鹿児島県指宿市
incineration_facility,名瀬クリーンセンタ-,"[129.4832, 28.330383]",大島地区衛生組合(鹿児島県),19369,,有り,鹿児島県奄美市名瀬
incineration_facility,徳之島愛ランドクリーンセンター,"[129.018616, 27.726667]",徳之島愛ランド広域連合(鹿児島県),5965,,無し,鹿児島県大島郡徳之島町
incineration_facility,石垣市クリーンセンター,"[124.185249, 24.344419]",石垣市(沖縄県),15458,,無し,沖縄県石垣市
incineration_facility,浦添市クリーンセンター,"[127.72184, 26.245716]",浦添市(沖縄県),30919,,無し,沖縄県浦添市
incineration_facility,名護市環境センター,"[127.977501, 26.591667]",名護市(沖縄県),15904,,無し,沖縄県名護市
incineration_facility,宮古島市クリーンセンター（焼却棟）,"[125.294754, 24.78997]",宮古島市(沖縄県),17286,,無し,沖縄県宮古島市
incineration_facility,伊江村E＆Cセンター,"[127.807076, 26.713442]",伊江村(沖縄県),1376,,無し,沖縄県伊江村
incineration_facility,渡嘉敷村クリーンセンター,"[127.364365, 26.197502]",渡嘉敷村(沖縄県),292,,無し,沖縄県渡嘉敷村
incineration_facility,南大東村クリーンセンター,"[131.232101, 25.828751]",南大東村(沖縄県),410,,無し,沖縄県島尻郡南大東村
incineration_facility,北大東村ごみ処理施設,"[131.299042, 25.945831]",北大東村(沖縄県),104,,無し,沖縄県島尻郡北大東村
incineration_facility,伊平屋村クリーンセンター,"[127.968666, 27.039186]",伊平屋村(沖縄県),351,,無し,沖縄県伊平屋村
incineration_facility,伊是名村ごみ処理施設,"[127.941208, 26.928347]",伊是名村(沖縄県),323,,無し,沖縄県伊是名村
incineration_facility,久米島ニュークリーンセンター,"[126.804947, 26.340694]",久米島町(沖縄県),2771,,無し,沖縄県久米島
incineration_facility,与那国町ごみ焼却施設,"[123.004601, 24.468012]",与那国町(沖縄県),472.8,新設（新規稼働）,無し,沖縄県八重山郡与那国町
incineration_facility,中城青葉苑,"[127.789619, 26.262011]",中城村北中城村清掃事務組合(沖縄県),12529,,無し,沖縄県中城
incineration_facility,金武地区消防衛生組合金武地区清掃センター,"[127.926025, 26.456219]",金武地区消防衛生組合(沖縄県),6805,,無し,沖縄県金武
incineration_facility,那覇・南風原クリーンセンター,"[127.679108, 26.212374]",那覇市・南風原町環境施設組合(沖縄県),90922.06,,無し,沖縄県那覇市
